WRIST_rx,WRIST_ry,WRIST_rz,WRIST_x,WRIST_y,WRIST_z,ant1_003f0102030405000000ffff_phase,ant1_003f0102030405000000ffff_rssi,ant1_00400102030405000000ffff_phase,ant1_00400102030405000000ffff_rssi,ant1_00410102030405000000ffff_phase,ant1_00410102030405000000ffff_rssi,ant1_00420102030405000000ffff_phase,ant1_00420102030405000000ffff_rssi,ant1_00430102030405000000ffff_phase,ant1_00430102030405000000ffff_rssi,ant1_00440102030405000000ffff_phase,ant1_00440102030405000000ffff_rssi,ant1_00450102030405000000ffff_phase,ant1_00450102030405000000ffff_rssi,ant1_00460102030405000000ffff_phase,ant1_00460102030405000000ffff_rssi,ant4_003f0102030405000000ffff_phase,ant4_003f0102030405000000ffff_rssi,ant4_00400102030405000000ffff_phase,ant4_00400102030405000000ffff_rssi,ant4_00410102030405000000ffff_phase,ant4_00410102030405000000ffff_rssi,ant4_00420102030405000000ffff_phase,ant4_00420102030405000000ffff_rssi,ant4_00430102030405000000ffff_phase,ant4_00430102030405000000ffff_rssi,ant4_00440102030405000000ffff_phase,ant4_00440102030405000000ffff_rssi,ant4_00450102030405000000ffff_phase,ant4_00450102030405000000ffff_rssi,ant4_00460102030405000000ffff_phase,ant4_00460102030405000000ffff_rssi,interaction_id,timestamp
-0.37965908788479796,-2.8626931457350486,0.7890652344201843,0.18645736593197826,0.06485280798870097,0.9361572905673979,,,,,67,66,3893,68,3516,71,61,66,359,70,3847,64,,,3637,66,,,,,2671,64,,,3887,64,397,63,-1,1776476025.0952976
-0.3517627834049497,-2.892767809453017,0.7027746435856913,0.18835411141012856,0.06416128555926977,0.942719860992487,,,,,1556,64,881,65,1443,69,447,64,531,68,3611,67,,,3738,65,,,3097,70,611,64,3205,65,3620,60,662,63,-1,1776476025.9659493
-0.3906784966853223,-2.8842224417383338,0.7129070546964118,0.18361503783304672,0.025419860153050644,0.9667090481615955,590,62,,,3623,65,3402,63,1413,70,723,67,213,67,3881,69,,,3920,64,1022,63,3926,66,2596,66,3452,66,3118,65,3247,61,-1,1776476026.9419909
-0.4512661109267623,-2.944887778396709,0.7529858427104275,0.1740417448660844,-0.039246256660510376,0.9878550210401558,2883,62,667,61,3516,63,992,68,1542,69,2884,64,112,71,4036,71,,,12,65,,,,,2507,64,3422,64,3669,65,1110,64,-1,1776476027.9759421
0.5714021842659023,3.066193020451697,-0.6867684886071466,0.1371268460142993,-0.10122143570186419,1.0045547032101585,,,2637,61,3445,62,841,70,3628,69,606,63,198,71,4020,70,,,11,63,,,3733,65,358,64,1271,65,1553,68,3041,62,-1,1776476029.0104017
0.6423979816387041,2.986168490811156,-0.7393706879456616,0.11161202632307987,-0.12535494421874907,1.0049389525332273,491,62,517,62,3549,60,835,72,3592,69,671,64,165,72,3987,70,,,3995,65,,,3659,66,327,64,1238,65,1454,67,2994,62,-1,1776476030.0415525
-0.6727287009674324,-2.9787716666325625,0.7493186498835377,0.10249866332256592,-0.11704011439691114,1.0097064299554739,,,600,61,3635,62,2872,72,1544,69,601,65,194,72,3887,69,,,4078,66,909,60,3827,63,261,65,3296,66,3333,69,915,63,-1,1776476031.0741832
0.5834660459855574,3.016542465241484,-0.8329894747326876,0.09671720927360584,-0.09708663206490646,0.9980968064368987,,,687,62,3670,62,743,72,3572,69,604,66,244,72,3840,70,,,4028,65,825,64,3936,62,,,3369,68,3217,67,973,63,-1,1776476032.160993
-0.5134037282315798,-3.0144561067100124,0.6345707486177925,0.08927948300603292,-0.06626954581103313,1.0002346576544618,,,773,64,3593,64,1061,72,3602,68,749,68,246,72,3770,69,,,3910,64,605,64,72,63,,,3438,67,3288,63,2998,63,-1,1776476033.196584
-0.43721316835558566,-3.035302734727751,0.7322121179490609,0.07596803353927312,-0.02444894032691097,0.9752957596907431,,,744,66,1422,65,3259,74,3612,68,755,66,323,69,3677,67,,,3806,65,512,64,,,,,3390,66,,,869,64,-1,1776476034.2240913
-0.3734732237475215,-2.9852902751267716,0.8457549875064325,0.06907051641420536,-0.004518125301012816,0.9507089854142327,,,2752,66,3389,66,3085,72,1584,67,2806,63,398,66,3612,66,,,,,,,,,,,1311,67,,,2847,63,-1,1776476035.1514497
0.32823813940525537,3.003424686843087,-0.7671277823405069,0.06293429835251824,0.01288461889325622,0.9548620054249161,,,768,64,1296,62,2845,72,1603,67,665,63,47,63,1498,66,,,,,,,,,,,3292,67,,,,,-1,1776476035.9800653
-0.22764757155870224,-3.0541164773901537,0.7612343453258871,0.04831327364318844,0.040580601653796095,0.9454879118999333,,,4055,64,1255,63,673,72,1531,65,643,63,3862,66,1370,67,,,,,,,,,3424,60,1198,66,2747,64,2728,62,-1,1776476036.8073523
0.10272237821440783,3.0221550038925074,-0.5706832650465468,0.023302793526923007,0.05310115833867243,0.9644505974191077,,,2539,65,3335,63,642,73,3748,65,2691,65,3951,69,1231,66,,,400,69,,,3607,62,1451,65,1253,68,579,65,3172,62,-1,1776476037.6777756
-0.11341700549944692,-3.040493163636531,0.740290305014347,-0.018121215409831443,0.004322939347422301,0.9710455174590817,,,559,67,3356,65,617,73,36,67,2729,66,114,70,3446,65,,,33,66,,,3617,62,1451,66,1275,68,576,63,1230,64,-1,1776476038.7596478
0.09637696897447628,3.082751147606249,-0.843050600605205,-0.03866208702641999,-0.023482508124515047,0.9817623357409466,,,2765,65,3465,64,665,73,73,70,858,67,169,68,3604,62,,,37,66,,,3579,64,3269,67,1299,72,2974,63,3264,65,-1,1776476039.8490624
-0.0743443809015406,-2.9261412300988603,0.8821318531716222,-0.06367527608258697,-0.054047018140514165,0.988761370288707,78,61,669,63,3499,63,726,73,3969,61,1022,65,74,68,3807,61,,,25,67,,,1493,66,747,70,3474,70,,,1083,67,-1,1776476040.8832333
-0.07747914179002421,-2.933265590427093,0.8798902816107322,-0.09562860370526206,-0.08719028700663593,1.0006167611318646,512,63,360,63,3468,61,696,72,3747,73,2987,60,3851,68,195,59,,,63,66,,,3685,66,1058,61,1526,70,,,,,-1,1776476041.9156466
-0.07747914179002421,-2.933265590427093,0.8798902816107322,,,,,,463,64,1347,64,631,72,1675,72,826,63,3832,70,2545,62,,,120,66,,,1607,63,3479,63,3604,70,,,2857,67,-1,1776476042.9023354
0.20350691438369475,-2.8947201123624837,0.875932521598663,-0.1588144465277886,-0.12529484890211962,1.017065343806846,,,563,64,1320,64,629,73,3777,71,798,65,3884,70,3010,66,,,138,66,,,3637,66,3401,65,3605,71,,,914,68,-1,1776476043.8766563
-0.3030862072240728,3.1351114436784204,-0.9294218610769637,-0.1708520776273415,-0.11395070796938987,1.0082132437652225,,,498,64,3336,61,2687,73,1719,71,855,65,3852,70,3198,66,,,136,66,,,3522,64,1315,65,3605,70,,,976,67,-1,1776476044.8600945
0.34316842837133527,-2.8999789788279253,0.9029251786609649,-0.1847119133015314,-0.09369193141000265,1.0003514393038064,517,60,393,64,3473,63,678,73,3703,71,921,65,3779,69,3476,65,,,108,66,,,3516,65,1230,66,1536,70,,,1061,67,-1,1776476045.8348892
0.4437356606040962,-2.8512985022299424,0.7849993403004768,-0.2031955475551613,-0.07763543271425065,1.0088554344490255,610,61,290,64,3486,62,717,73,3651,72,1057,64,3715,68,,,,,64,66,,,3423,62,3170,64,3554,70,329,60,1137,67,-1,1776476046.814399
0.4849473410064046,-2.868428827625358,0.765246468404682,-0.2175662342735504,-0.05038812225936446,1.005479884162529,386,63,150,63,3653,62,2778,73,3574,72,3104,66,3756,67,3477,62,,,7,66,,,,,3174,64,3508,70,4060,62,1261,71,-1,1776476047.7947097
0.5163822659684714,-2.814222062070426,0.6805851677624571,-0.2074339995995914,-0.018341067647607602,0.9778523825110299,181,65,,,3597,64,726,74,3557,70,3009,68,3944,66,,,,,4053,66,,,,,1305,65,3481,70,3533,61,1127,68,-1,1776476048.777232
0.43135753191776766,-2.83800969946039,0.7115827462060602,-0.1794380492281656,-0.004619815415561695,0.9675515325353415,14,61,,,3405,67,678,74,3711,69,2849,69,3967,66,,,,,3953,65,,,3823,60,,,3431,70,3278,64,1013,66,-1,1776476049.650513
0.3348794953251631,-2.836000521160124,0.6876959979653972,-0.14000965344274188,0.009132978951695193,0.9594864469442538,,,750,63,3437,64,2661,74,248,64,637,69,4049,65,,,,,3968,65,,,1696,63,,,3350,70,1024,64,3016,64,-1,1776476050.5811515
-0.23705569676999375,3.2386089942345824,-0.7982520275495119,-0.10283182535208346,0.013442905127002807,0.9627325650221688,,,715,62,3523,65,554,73,,,595,67,200,66,3187,57,,,4095,65,,,3666,62,1430,67,1233,68,2885,63,1134,66,-1,1776476051.512507
0.06419636023388123,-2.905919854153809,0.7131150319725937,-0.04525208425737784,0.01954144181892441,0.9642849368593679,,,513,65,3442,63,556,73,272,67,658,66,223,70,3209,64,,,275,69,,,3649,62,1490,65,1262,68,532,63,1240,63,-1,1776476052.5456898
-0.10245404369713682,-2.912870161193731,0.6073446016717022,0.008336104844332613,0.022634356426743434,0.9820358652276796,,,488,64,1185,64,664,72,3889,65,680,66,41,69,1339,66,,,,,,,,,,,1302,66,,,2900,62,-1,1776476053.6229799
-0.24049802413873103,-2.994199411716366,0.5889958220912676,0.05697018995161821,0.020859347349984715,0.9801297962134286,,,747,64,1235,65,817,72,3562,67,725,64,,,3525,67,,,3613,63,312,62,,,,,3347,67,,,813,64,-1,1776476054.5090063
-0.35242079527712605,-3.0361591612095977,0.6428391277720554,0.09504742949619463,0.020946757008836518,0.9643893971797547,,,,,3382,65,1020,70,3475,67,2861,64,,,3590,68,,,3691,66,,,,,,,3337,65,,,,,-1,1776476055.4363492
-0.4292696248361331,-3.0152355851503505,0.6976838480505327,0.11823566648395951,0.01916953933794692,0.9602447372739236,505,61,,,3427,65,3678,68,1366,68,2928,65,2569,66,1596,68,,,1797,66,2702,63,,,2721,63,1279,65,,,1007,64,-1,1776476056.1560762
-0.6064608240551197,-3.094924884969554,0.5521136819870057,0.16013531300539596,0.009151890291909524,0.973430410737053,640,64,886,60,3578,65,3636,65,3422,70,968,67,263,68,3694,69,,,3850,63,2888,63,3691,67,2767,63,3430,65,787,64,3241,61,-1,1776476057.1374583
0.7824512723749485,2.88927078110861,-0.6621127904489125,0.19438806108872675,-0.027377120566600972,0.9942561374682835,2992,63,741,61,3608,64,872,71,3525,70,860,67,30,69,3821,68,,,3963,61,800,63,3744,67,,,3444,64,797,64,3264,64,-1,1776476058.2751067
0.9042111608330403,2.847932481601809,-0.7841683837077449,0.16912841342240212,-0.060199191769621546,1.0066156409387312,,,2903,62,3501,65,773,70,3625,69,2806,66,97,72,3828,69,,,,,2836,64,1499,67,,,3390,65,926,65,3129,63,-1,1776476059.3591383
-0.8037990227142301,-2.916787537964653,0.8090226189618366,0.11306988368152246,-0.07586682220613686,1.0138860135590317,,,810,63,3643,65,795,68,3600,68,676,68,180,73,3792,68,,,4026,65,2783,63,3881,65,,,3303,67,1165,71,3135,62,-1,1776476060.288063
-0.614580517971156,-2.929339290523163,0.7622289048565749,0.05383400493880936,-0.08017684344536984,1.015999864789858,,,2750,64,3649,63,886,73,1505,68,2947,68,126,66,3697,67,,,4088,65,538,64,3557,63,,,1292,68,,,3477,63,-1,1776476061.3720367
-0.46216686384512057,-2.9546501394045515,0.753480245456989,0.005186130111772819,-0.0829305930076986,1.0151893153966942,245,63,559,64,3553,65,2836,73,3673,67,3107,67,2523,62,3639,62,,,7,66,,,3505,64,913,64,1385,69,,,1364,66,-1,1776476062.346045
-0.18765632835315213,-2.976366413101189,0.6631687735020357,-0.06066803709826874,-0.09103248177294747,1.0483107146026365,381,62,522,62,3512,62,743,72,3226,68,1064,63,4022,68,3816,60,,,4085,66,,,1464,64,360,74,3495,70,,,1074,66,-1,1776476063.3404927
0.0210657277175828,-2.947724807804211,0.8272205093899154,-0.10880025004441164,-0.09394469542233055,1.0111222490788143,499,62,440,62,3550,61,676,73,3689,72,827,64,3763,67,358,61,,,4079,67,,,,,3681,66,1412,71,,,,,-1,1776476064.3172035
-0.1913569430755709,3.1582181871494184,-0.7976732990059254,-0.14391418648267357,-0.09498112445288173,1.0275056788088421,2602,62,425,62,1594,62,660,73,1504,69,798,65,1651,67,2913,62,,,12,66,,,3502,64,,,3484,70,,,3024,67,-1,1776476065.189376
-0.1913569430755709,3.1582181871494184,-0.7976732990059254,,,,328,63,,,3606,64,692,73,961,61,2896,67,3682,65,745,62,,,3977,66,,,3653,61,3086,67,3391,70,3425,63,2960,67,-1,1776476066.1149232
-0.12243302858904571,3.0309967267586124,-0.9229995374286614,-0.13320310364171023,0.005781107838732213,0.9584318776847947,,,675,60,3452,66,570,74,,,638,68,13,63,,,,,3780,65,,,3818,61,,,3335,70,1046,64,802,65,-1,1776476067.099176
-0.13549661698653248,3.1149046275883707,-0.8194549959539125,-0.12778661153468676,0.035298525719850815,0.9368231704108451,,,639,62,3573,65,485,73,4055,66,511,68,4092,65,,,,,3735,65,,,3804,62,,,3328,71,2988,64,828,65,-1,1776476067.9240654
0.14467720551239507,-2.947973954863842,0.7890832559178423,-0.12132928005366503,0.04890481160736731,0.9247202312817958,,,576,61,3714,65,419,73,88,67,2493,68,4077,65,,,,,3621,64,,,3742,61,,,1182,69,842,64,742,62,-1,1776476068.7951348
0.15014205979958678,-2.8870466585759225,0.6196625871468455,-0.09690804339192763,0.07315245634012302,0.9259170971295146,,,457,60,3843,66,420,72,2392,65,388,65,3965,63,773,59,,,3804,63,,,3670,62,3309,66,1188,69,733,65,842,64,-1,1776476069.7262273
,,,,,,,,695,64,3551,65,2596,73,,,605,67,222,65,3632,59,,,4052,67,,,1390,64,,,3388,70,,,1002,67,-1,1776476070.7535658
,,,,,,529,61,480,63,3635,62,675,72,3975,69,2918,62,3851,65,,,,,4082,64,,,1586,66,709,64,3560,70,,,1069,64,-1,1776476071.6359768
-0.06218174609674763,-2.9626004701743867,0.8062850852357206,-0.09584220422201485,-0.12649855331434354,1.004123970791484,717,63,476,64,3473,62,682,72,3639,73,959,61,3867,69,14,61,,,9,66,,,3702,66,2959,64,1554,70,,,968,63,-1,1776476072.6143038
-0.05260232761752868,-2.936634827990182,0.8697897698787006,-0.09240954292595517,-0.1412132098758263,0.9912299381744697,2869,61,446,64,3397,60,686,72,3714,72,3005,62,3794,70,3948,62,,,4091,65,,,3739,67,902,63,1567,70,,,1018,62,-1,1776476073.6457734
-0.0646678446642474,-2.91911487928715,0.7394994739072042,-0.08217912841600354,-0.15647270436660873,1.01986109124984,802,62,2514,65,3446,60,676,71,3708,71,2988,62,3737,70,3763,63,,,4056,66,,,3642,67,2995,65,3566,69,,,1105,61,-1,1776476074.6759114
-0.0646678446642474,-2.91911487928715,0.7394994739072042,,,,643,62,395,63,3487,62,718,72,3645,71,3103,62,3927,70,3693,64,,,14,65,,,3594,66,2709,65,3502,70,,,1268,65,-1,1776476075.7098532
-0.16211554457956465,-2.9402771537740384,0.9028249240213216,-0.0613616715063999,-0.09842014244887869,0.9773515730886014,446,63,597,61,3544,60,740,72,3789,70,3149,63,4056,71,3722,63,,,4034,66,,,1427,66,2729,66,3428,70,,,3348,66,-1,1776476076.7374442
-0.1333382922259279,-2.9698261921093634,0.8466728151480694,-0.06260778206592722,-0.08041598669527664,0.9919999092580214,306,62,605,61,3569,62,2785,73,3852,70,3125,66,65,69,3774,58,,,14,66,,,3494,63,2954,66,3359,70,,,3347,67,-1,1776476077.721796
-0.11223515912321132,-2.9621787440045484,0.8714974952242113,-0.05853495718653175,-0.05748033893778964,0.9797900026042313,,,844,62,3618,64,2738,73,3992,67,2951,66,268,67,3546,61,,,4032,66,,,3535,61,1258,67,3300,69,3103,61,1275,66,-1,1776476078.7019815
-0.06977575687474957,-2.91281497160888,0.9013568525193225,-0.050831902510040244,-0.028430903667949106,0.9647491437549633,,,2871,62,3599,64,600,73,167,68,760,66,360,68,3364,62,,,3,65,,,3598,63,3521,67,1212,69,2785,62,1226,66,-1,1776476079.7306318
0.007018042622036192,-2.9059291990953646,0.882415105779393,-0.046013311970562784,0.0019044452974083571,0.9627710897071866,,,2734,64,3539,65,492,72,225,67,2637,67,372,69,3143,64,,,75,68,,,1671,61,3566,68,1169,68,577,63,3147,64,-1,1776476080.7125351
5.5953736052830086e-05,3.1026419650486847,-0.9346967933741839,-0.03526783864750932,0.030768508767738588,0.9529969816735822,,,401,64,3472,64,486,72,2226,65,516,65,299,69,986,63,,,211,67,,,3581,62,3394,66,1143,69,541,62,2935,62,-1,1776476081.6849995
0.015004787580109145,-2.9287658118846456,0.7219213520824193,-0.018718464109223305,0.05462009324486859,0.950276422594917,,,,,3432,63,529,71,3972,64,2612,66,185,68,2988,66,,,,,,,,,1128,64,3132,67,2616,65,646,61,-1,1776476082.6688216
0.051972552403201686,-2.890291368508909,0.5922143103787646,-0.0004753373644713896,0.0757479428042556,0.9620181395359481,,,1296,68,1361,62,596,72,3477,63,616,65,64,69,971,67,,,,,,,,,1201,61,3199,66,2726,65,655,61,-1,1776476083.5445192
-0.005642968200548869,-2.8816573996340296,0.8074561967851526,0.02609528064253525,0.06783228498040401,0.9284458150043066,,,,,1327,61,648,71,1391,63,621,64,4002,67,3217,67,,,,,,,,,4075,63,3323,67,1440,67,746,62,-1,1776476084.4756968
-0.10466498192816671,-3.1471955877999735,-0.8095432555187585,0.03984964843964057,0.03394602057387483,0.9594378714734026,,,2653,64,3400,63,2791,72,3676,67,676,65,2503,73,3472,67,,,4011,63,475,63,3880,62,39,61,1317,67,,,2997,62,-1,1776476085.3043952
-0.2706277542325302,-2.862696644921232,0.8344567232487302,0.0486609302950636,-0.02150490895842886,0.974708381731615,,,752,65,3522,65,897,73,3641,68,704,68,416,66,3586,65,,,4024,67,658,64,3838,63,,,3357,67,3208,64,1139,59,-1,1776476086.339329
-0.3676734447354012,-2.8643665225775603,0.7305412111382883,0.05244732746415343,-0.06086570998591707,0.9961257906605676,,,775,63,1623,65,2990,73,1501,69,844,69,281,69,3640,67,,,15,65,2718,64,3841,64,,,1339,67,334,63,,,-1,1776476087.3169825
-0.3903318150940803,-2.9025643443865707,0.8580668094330273,0.05446717403434281,-0.09143568633691271,0.9990876655406636,327,62,2717,64,3438,61,3032,73,3557,68,3099,69,513,70,3807,69,,,51,64,755,62,3889,64,,,3430,66,3502,70,,,-1,1776476088.2480915
-0.43273425591865944,-2.9153918610270186,0.767414671670025,0.0617540504190019,-0.1261664168114236,1.017926602329901,487,65,506,64,3262,61,3021,73,3596,69,3106,68,384,72,3906,71,,,4062,63,,,3825,66,320,62,3446,68,3620,69,676,62,-1,1776476089.2376032
0.6102166474372944,3.1079686028042897,-0.7241489012412506,0.08290116783239072,-0.1545681585382652,1.0276525067495257,506,65,438,65,1207,59,3013,73,3579,70,3077,65,225,72,3966,71,,,4089,64,,,3816,65,349,64,,,3683,68,856,61,-1,1776476090.2709894
-0.595598262942903,-2.877695653393611,0.7824894324896632,0.09798222375527857,-0.1399246348765153,1.0191711992895833,423,63,590,63,,,944,72,3585,69,833,66,249,72,3958,70,,,4027,64,,,3802,65,292,64,3331,65,3587,67,1053,62,-1,1776476091.2506878
-0.5391784445639083,-2.887413729616384,0.7486490903233479,0.10796953520696252,-0.10422700020591609,1.0055361933442544,2457,62,,,1626,62,1170,65,1586,69,617,67,247,72,1779,69,,,3990,65,949,64,,,,,3416,65,3469,65,986,62,-1,1776476092.2379909
0.5116294083893274,3.0769788200017243,-0.8669159725825484,0.11518368422447206,-0.07328812943943848,0.9916792561061779,,,3010,63,3658,62,1063,64,3616,69,666,68,258,72,3794,69,,,3995,65,882,64,,,,,3483,66,3341,66,1050,63,-1,1776476093.1671581
0.4214046434942184,3.1023309207405236,-0.835327315939125,0.11985236859572614,-0.039985839051637224,0.9834922976077346,,,917,64,3588,64,3547,64,3567,69,2857,68,285,71,3751,68,,,3896,66,735,64,,,441,61,3474,66,3231,60,1090,63,-1,1776476094.0944543
-0.3222409171061138,-2.905206629053042,0.8070756832126202,0.12617795660191516,-0.010247035727690708,0.9585857289218578,579,62,2983,64,3515,63,3711,66,1475,69,915,66,343,71,3704,69,,,3810,66,610,65,,,2653,62,3430,64,,,3023,64,-1,1776476095.0877182
0.307305015155453,3.069671518480357,-0.7793045143501836,0.13716371642007125,0.016851997775241257,0.9589526515430482,489,62,,,1443,64,1665,60,3394,69,874,66,321,68,3657,69,,,3811,68,598,63,,,2666,63,,,,,2986,64,-1,1776476096.0648892
0.3051501172556323,3.0650432285369082,-0.7629245559536295,0.15439792778384548,0.04449463397800659,0.948216361527712,,,,,3626,65,1295,65,1257,69,761,62,287,68,3662,69,,,3837,67,600,65,,,2677,64,,,,,2949,63,-1,1776476096.936654
-0.424111887039152,-2.728108915936754,-0.3864853708182317,0.1761676899692686,0.05929805086322369,0.9389070409848906,,,,,3684,65,3180,65,3308,70,779,64,295,67,3650,68,,,3893,66,762,65,,,667,64,,,,,3022,61,-1,1776476097.765898
-0.4669809823038615,-2.634431465674216,-0.31096886180496786,0.19859508711228363,0.06263732789822372,0.9435507400293912,,,,,3724,66,941,68,1304,70,754,64,2275,68,3710,67,,,3883,65,2764,64,,,,,,,,,,,-1,1776476098.591119
0.4985465521984202,3.0494141565912614,-0.7636156667985398,0.20385768926301467,0.054138084352142325,0.9458761110075193,,,,,3743,66,928,68,3363,70,775,65,228,67,3729,68,,,3865,66,816,64,3578,66,621,62,,,3404,61,3106,60,-1,1776476099.3148777
0.5100428017694167,3.0387425572972098,-0.7511950268531575,0.2060190760146242,0.0390043334935991,0.9646028370813099,659,63,,,3707,67,819,69,3404,70,2881,65,245,69,3766,68,,,,,2888,63,3731,68,653,62,,,,,,,-1,1776476100.238509
-0.576111444546011,-2.9152610188801487,0.8088115696336002,0.20450262637179015,0.004925277515635633,0.9829775347191583,2912,63,1076,62,3615,66,850,70,1432,70,848,66,133,70,3766,69,,,3788,64,2960,63,1729,67,664,60,1493,64,812,63,1278,59,-1,1776476101.065224
-0.576111444546011,-2.9152610188801487,0.8088115696336002,,,,3037,61,1074,63,3605,64,729,70,3587,70,821,62,4083,71,3851,69,,,3716,65,,,4050,67,,,,,,,,,-1,1776476102.1576552
-1.0493132478008533,-2.805570865935736,0.690350301339492,0.1849211420656572,-0.1220096124825933,1.0408698894358588,,,3382,62,3709,64,683,70,3703,69,3013,72,61,71,3954,68,,,3756,64,,,66,66,,,1095,70,3494,61,1260,63,-1,1776476102.9774325
-1.1861145197699285,-2.8019390901695647,0.7038421821458053,0.17484241105766596,-0.1363087949423083,1.0239895018823295,,,3528,63,3732,65,2698,70,1660,69,3809,75,111,70,3937,68,,,3762,65,,,3865,65,2425,62,4001,66,3555,63,1244,63,-1,1776476103.8990757
1.02949483268817,2.893688174485903,-0.7509567809703154,0.14006440190278302,-0.1330272516282247,1.0275117333956543,,,,,3857,66,726,72,3665,70,2721,66,164,71,3848,69,,,,,,,,,,,1383,65,3465,67,,,-1,1776476104.879841
-0.9196824920412376,-2.8992512214064905,0.7502946012921101,0.1137744527015932,-0.12515210785134123,1.0133435399400221,,,,,3912,65,756,72,3608,68,559,66,193,71,3768,69,,,3917,63,963,64,3556,63,236,62,3223,66,3271,68,978,63,-1,1776476105.5972424
-0.657637089588302,-2.9135061883990203,0.7366263798100241,0.06982613986208956,-0.10777427987737892,1.0299057292427831,,,,,3874,65,770,73,3476,69,640,69,354,71,3637,68,,,3960,67,703,63,3449,62,,,3219,68,76,62,1131,63,-1,1776476106.5724404
0.4240744190812773,3.064946209314388,-0.7468805137817327,0.014750285279394345,-0.08343571538830494,1.0253141215720472,,,,,3734,65,686,73,3545,67,2867,69,,,3460,65,,,4037,64,,,3467,63,,,3296,68,,,3527,62,-1,1776476107.4976048
0.2948604573184062,3.1127095954108097,-0.8019509327652867,-0.007997575822834899,-0.0737463500975901,1.0174215394873867,,,933,61,3666,66,678,73,3714,67,853,67,433,66,1322,63,,,4031,67,,,3407,62,3221,67,1250,70,,,1363,65,-1,1776476108.2809856
-0.06489543171941536,-2.9236411861147986,0.7707195191127452,-0.05320738067153271,-0.05023484792523092,1.0101824041923093,,,3034,60,3666,66,579,72,4053,68,2768,66,401,67,1305,58,,,3977,67,,,,,1360,64,1276,70,3318,62,1092,67,-1,1776476109.2061324
-0.06489543171941536,-2.9236411861147986,0.7707195191127452,,,,,,,,3635,66,496,73,,,2595,68,74,59,,,,,3873,67,,,,,,,1328,70,,,,,-1,1776476110.1347928
0.3573207236417878,-2.899902585620311,0.8991897462742147,-0.14625999701455378,0.006795106089654363,0.9660167915500169,,,,,1394,66,458,73,3882,66,465,69,4060,62,,,,,3784,65,1215,65,,,,,3410,69,3512,62,3054,65,-1,1776476110.695922
0.3573207236417878,-2.899902585620311,0.8991897462742147,,,,,,,,3183,64,396,72,3590,68,2460,69,15,67,,,,,3589,66,,,4081,59,2993,63,3464,69,3672,60,3011,64,-1,1776476111.518752
0.5646556270035175,-2.877518284399885,0.6471910552126318,-0.19228409035501576,0.07905812506631867,0.9388680256017808,,,,,,,358,72,1462,67,278,67,4003,67,,,,,,,,,,,,,3487,69,,,2960,63,-1,1776476112.4502008
0.6139138077201998,-2.9302901546898332,0.7352117326017815,-0.1910363255384979,0.08472556750327118,0.9273734090856908,,,3023,61,,,355,72,3507,68,294,67,3949,67,,,,,3567,65,,,,,947,64,3442,69,3769,60,2990,65,-1,1776476113.0593584
0.6093756856562519,-2.9242295399088003,0.620909020921064,-0.18532665093699802,0.09149185843661041,0.9313778519388927,,,,,,,362,72,3544,67,237,67,3800,66,,,,,3450,63,,,4042,62,3133,65,3384,69,,,779,62,-1,1776476113.93616
0.4971777494177384,-2.871363807686974,0.6469164247181423,-0.15545452220134087,0.10126252617372436,0.9260968922639967,,,936,60,243,64,352,71,3769,67,144,66,3589,65,,,,,3331,64,,,3797,64,3554,64,1224,70,1003,61,746,62,-1,1776476114.7520955
0.3867376593021309,-2.870127683273354,0.616393756933814,-0.09951214200355023,0.1119510478266997,0.9299223970608825,,,,,4070,64,378,69,,,220,61,,,608,64,,,,,,,3467,64,938,66,3124,68,661,62,643,62,-1,1776476115.7315679
0.3867376593021309,-2.870127683273354,0.616393756933814,,,,,,,,3548,63,521,70,1496,62,500,64,134,67,797,66,,,,,,,,,789,66,3229,66,397,63,445,64,-1,1776476116.5494125
-0.4283117728150396,-3.0775749321285115,0.7965807014902859,0.0500439859872437,0.04638432358696413,0.9499503919033802,,,946,62,3398,64,539,70,3662,66,310,64,4000,66,3274,65,,,3525,63,,,,,970,64,1203,66,431,61,528,65,-1,1776476117.4184291
0.49874327752345876,2.89688182493244,-0.8332426945081861,0.06877426481899004,0.02926273638649302,0.948600442907457,,,1087,64,3381,65,2753,70,3646,68,364,63,3869,64,1291,64,,,1509,66,,,,,3110,66,1135,66,,,585,65,-1,1776476118.3961055
0.6216884878109212,2.896351931902278,-0.7571923792251395,0.08832004827652885,0.013083989777682024,0.9631321970515256,,,1015,64,3386,64,3143,70,3647,66,455,65,,,3406,65,,,3766,67,,,,,3156,63,3299,66,,,2716,65,-1,1776476119.3380609
0.7719580282662055,2.8325227567766063,-0.753763213978949,0.11286379106865892,-0.01326330310933148,0.9795632829586712,,,2994,64,3455,66,840,65,3585,67,507,66,218,64,3529,66,,,3943,66,2589,64,,,1190,64,3288,65,2992,63,843,64,-1,1776476120.2076783
-1.062552111227432,-2.9458144424995516,0.7706568757851326,0.13955193317134942,-0.050473746243438464,0.9889220699737177,,,3030,65,3483,67,599,69,3601,69,390,66,121,70,3660,67,,,3898,62,666,64,3345,65,1131,63,,,3507,60,882,65,-1,1776476121.2034943
1.1221565543238987,2.7648748552396607,-0.7649909842486474,0.14109290373258548,-0.07240293781739265,0.9772555984947805,,,3072,64,3466,66,583,70,3639,69,2435,67,7,70,3694,67,,,3912,64,752,63,3387,64,3150,64,,,,,857,64,-1,1776476122.2302907
-1.1011749252810388,-2.8787551432225715,0.7696834972931248,0.12255655551734045,-0.08178487706010697,1.006801521161801,,,3075,64,3523,68,574,69,3589,67,2429,68,31,71,3731,67,,,3933,64,768,66,,,,,1101,66,694,65,2935,65,-1,1776476123.1668382
0.8239561837483835,2.936368074927933,-0.8448442168211086,0.06809644339015607,-0.08663463023266706,1.0041065866706294,,,2980,62,3699,68,762,73,3458,68,544,68,74,67,1526,65,,,3945,65,2753,63,3349,62,,,1145,69,,,1091,62,-1,1776476124.1469102
0.6320915841508025,3.0513753909845454,-0.7739124323556065,0.018102867967142437,-0.094870817957391,1.0197919079720072,,,755,61,3742,66,670,73,3538,67,2836,67,3878,61,3351,63,,,3983,66,,,3296,64,3051,64,3308,71,1100,64,,,-1,1776476125.0780225
-0.41810350773478583,-2.9382892829153224,0.7995363877220267,-0.03140947585491422,-0.10240941200935356,1.0232947851488603,2616,62,,,3699,65,644,72,1608,68,852,64,39,67,1240,63,,,3983,68,,,3403,63,610,65,3446,71,,,1149,64,-1,1776476126.0157266
-0.1260680547094922,-2.9240404371357918,0.8094150986035095,-0.08255764312808302,-0.11333305876009109,1.0349339227754295,,,,,3660,63,548,71,1481,69,667,63,3894,65,1435,60,,,3971,68,,,3458,62,,,3511,70,,,897,66,-1,1776476126.9416142
0.11707617910952091,-2.880671952881533,0.8751983713181535,-0.12314141753286151,-0.11685570320143922,1.009076133041255,,,604,61,3694,63,528,71,1599,70,615,66,3700,64,,,,,3997,66,,,1399,64,3393,63,3503,69,,,853,65,-1,1776476127.7742505
-0.29777611665185,3.0964937112045448,-0.9871261018969054,-0.1431417051653691,-0.11546200236285732,1.0033133198430955,,,677,63,3692,63,549,72,3615,70,646,66,3744,66,1051,61,,,4056,65,,,3494,63,1199,66,1470,70,,,2979,68,-1,1776476128.6441827
0.3812839451619385,-2.8585728425759287,0.8241491187558383,-0.15628568878901478,-0.1142950388400693,1.0183201904116257,,,2645,61,3645,64,558,72,1556,71,645,65,3726,66,3241,60,,,4062,65,,,3541,63,3364,63,3524,70,,,3028,66,-1,1776476129.5736675
0.3812839451619385,-2.8585728425759287,0.8241491187558383,,,,347,63,,,3676,64,2703,73,1609,68,792,64,3893,64,,,,,4067,66,,,3513,62,898,67,1338,70,,,1244,66,-1,1776476130.499784
-0.09602565107589328,-2.959770321159508,0.8810347554286403,-0.06175686469430762,-0.06502741703769595,1.0181203947589201,,,843,62,3633,64,663,73,3924,69,878,67,247,69,3618,60,,,4056,67,,,,,1221,65,3307,69,1075,59,3323,66,-1,1776476131.3820982
-0.16743769087874946,-2.96528511404603,0.9420222774852107,-0.039177039971928514,-0.04790791922773043,0.9804141383875418,,,876,63,3656,65,623,73,3912,69,788,67,373,70,3584,63,,,4067,67,,,,,3395,64,3327,69,2758,59,3275,65,-1,1776476132.3071449
-0.2826633513417829,-2.980246820199983,0.9122744099670496,-0.012572873173777175,-0.03593323654393836,1.0082067177698733,,,2978,64,3562,65,584,73,1778,67,657,68,382,67,3486,63,,,4027,66,,,,,3703,64,3307,67,,,882,63,-1,1776476133.2371683
-0.2826633513417829,-2.980246820199983,0.9122744099670496,,,,,,891,64,3430,66,738,72,3751,67,474,66,84,63,3501,66,,,3570,67,,,,,3042,62,3313,66,,,2759,65,-1,1776476134.1100187
-0.5409008788576075,-3.04882287423572,0.8140552518237953,0.11925235103819135,0.03193579880017523,0.9776271253897285,,,,,1411,66,,,1342,68,642,63,45,63,3439,67,,,,,,,,,,,3250,65,,,,,-1,1776476135.0372155
-0.5706077203747885,-3.0368905654387652,0.7889098639206632,0.15134430681664876,0.044760647073558237,0.9419206267876286,,,,,3576,66,,,1243,68,603,62,389,63,3471,67,,,3774,67,441,64,,,2901,66,,,,,856,62,-1,1776476135.6488912
-0.6141280306017928,-2.7158516029395607,-0.4775266729638403,0.16587259911254723,0.051308948639971305,0.9433465526630975,,,,,3584,66,1242,63,1264,68,574,63,2539,64,3508,68,,,3878,66,595,64,,,712,62,,,,,894,62,-1,1776476136.4135404
-0.6220387954331729,-3.0416164588541275,0.6276514793290742,0.19128859881221888,0.04922809283807065,0.9603843231147462,539,62,,,3639,68,3198,67,3361,68,633,66,530,66,1541,67,,,3768,64,2864,64,1275,64,2748,62,,,,,2918,61,-1,1776476137.233932
0.9112521083868699,2.7374487410340973,-0.539107183840031,0.2383729252085272,0.014334889227278137,0.979824449773485,2957,64,,,1592,67,2726,68,1398,70,656,67,277,66,3664,66,,,,,,,1467,66,,,,,,,738,62,-1,1776476138.1681972
1.1511662683648058,2.74881024687447,-0.6288353403898214,0.25275658961589575,-0.01705137716344901,0.9980448934863362,1041,65,2970,63,3593,66,693,69,3480,69,2755,66,57,66,3705,67,,,3616,64,2744,62,1649,66,2738,62,,,,,877,63,-1,1776476138.9341583
1.3833826596220482,2.7050761153094998,-0.6189185457429764,0.24872265594891124,-0.06627835353348527,1.0227116618353023,1133,65,938,65,1465,66,759,70,3556,69,1014,71,3772,68,3736,67,,,3653,62,589,64,3739,68,1062,60,,,,,2994,62,-1,1776476139.913712
-1.3480983235080413,-2.289217922993646,-0.7213980955616784,0.1708834674618589,-0.1026637667596592,1.0170620309459861,,,1119,65,1452,67,706,70,3698,69,708,66,3971,71,3786,67,,,,,801,63,1337,67,,,,,610,62,2927,64,-1,1776476140.9580398
-1.2307686091173988,-2.747584628135548,0.7490065020383426,0.12069422189341812,-0.09612480915162827,1.0182260883535874,,,3164,64,1535,68,594,69,1531,68,336,67,46,70,3760,67,,,3959,65,655,65,,,,,1137,66,701,64,2867,66,-1,1776476141.8474967
1.0216841451958838,2.8747808999347724,-0.7734871933169793,0.08276483721730367,-0.07487055778812621,1.0122506466249428,,,1075,62,3524,67,1210,70,1435,66,425,67,16,67,1587,65,,,3840,66,344,63,,,3498,62,1197,67,606,66,2794,65,-1,1776476142.77917
1.0216841451958838,2.8747808999347724,-0.7734871933169793,,,,,,928,65,3531,67,2921,71,3629,68,327,67,,,3650,64,,,3624,63,,,,,3550,66,1035,66,,,,,-1,1776476143.7580335
0.6711524161607788,2.9919416458559303,-0.8785733571283284,0.05979891261480762,0.007498150644291859,0.9489210550955004,,,3241,66,3975,67,869,69,3910,69,321,68,,,,,,,3562,66,,,,,3930,63,3171,68,,,370,63,-1,1776476144.5293944
-0.6398938051436781,-2.9203210014215815,0.7882118826142724,0.059910258195934304,0.007942349790329784,0.9648131052556836,,,1172,65,1756,66,898,69,1822,68,289,68,,,3300,62,,,3495,62,,,,,1705,64,1072,67,,,369,62,-1,1776476145.3062859
0.9302724371135995,2.9713860995800943,-0.8767365741752331,0.060264116518838194,-0.02041419787631167,0.9971813363469612,,,3007,65,3748,69,1019,71,3635,68,2492,66,,,1656,63,,,,,3017,66,1190,61,1452,62,1102,69,,,,,-1,1776476146.1395497
-0.8761614503956568,-2.7674211552434542,0.8150156148694206,0.012076343978951064,-0.09656623076266962,0.9953297694115552,,,625,63,3921,68,756,72,3501,68,758,66,,,3706,61,,,,,2961,64,3331,64,3294,65,1246,71,,,,,-1,1776476146.9615653
-0.6952765537014957,-2.7154152161847036,0.7058560949920119,-0.033247921813279555,-0.10250162554755533,1.0279486328812026,,,465,65,1717,62,1007,72,3838,73,3637,60,217,72,3988,64,,,,,,,3939,66,,,3474,68,2857,65,3203,64,-1,1776476147.7868707
-0.39469962418664595,-2.7079996115434204,0.7289569748487272,-0.08770289494505251,-0.0630206687641985,1.0177459646138542,,,2962,65,1111,66,824,69,2396,70,783,62,257,71,102,66,,,548,66,2839,62,,,3721,66,3352,68,49,65,855,63,-1,1776476148.6040823
-0.33576303494195975,-2.773430576122847,0.7309977201842903,-0.09758882573199602,-0.028268419600165188,0.9650178466410377,562,61,494,63,951,62,751,70,2547,70,2958,60,4010,64,4080,63,,,175,69,,,,,1360,68,1323,70,3969,63,857,67,-1,1776476149.5318449
-0.4053749260572717,-2.7921921071745213,0.6530983714040539,-0.09703359988228272,-0.029241713448784463,0.9684115802616265,,,933,63,,,754,70,580,69,,,3715,63,,,4044,64,74,68,3078,61,,,3400,69,1385,70,1663,64,793,66,-1,1776476150.4579413
