WRIST_rx,WRIST_ry,WRIST_rz,WRIST_x,WRIST_y,WRIST_z,ant1_00470102030405000000ffff_phase,ant1_00470102030405000000ffff_rssi,ant1_00480102030405000000ffff_phase,ant1_00480102030405000000ffff_rssi,ant1_00490102030405000000ffff_phase,ant1_00490102030405000000ffff_rssi,ant1_004a0102030405000000ffff_phase,ant1_004a0102030405000000ffff_rssi,ant4_00470102030405000000ffff_phase,ant4_00470102030405000000ffff_rssi,ant4_00480102030405000000ffff_phase,ant4_00480102030405000000ffff_rssi,ant4_00490102030405000000ffff_phase,ant4_00490102030405000000ffff_rssi,ant4_004a0102030405000000ffff_phase,ant4_004a0102030405000000ffff_rssi,interaction_id,timestamp
1.5792158137542873,-2.025304997664945,0.4344655459293615,-0.05855727489158368,-0.20135014254722952,1.0836736153511455,1137,69,3609,66,3148,73,465,74,3382,67,3720,68,3364,65,4077,70,-1,1776810541.1755576
1.5682201073715016,-2.082910038424734,0.5395540881695843,-0.04717600014199771,-0.20471098484781794,1.0767071983149692,3238,70,1553,66,1163,73,430,75,4020,68,712,69,144,73,795,63,-1,1776810542.4203658
1.5722187659141205,-2.0673419448527373,0.561419243318701,-0.02972468343639466,-0.2068152848273079,1.0790888585439555,1157,70,3669,68,3336,72,490,75,263,59,1199,73,1076,70,2979,70,-1,1776810543.6563742
1.5222539811899096,-2.116170436600858,0.5801484345354777,-0.0086818177823988,-0.2079123687906613,1.0762958236370344,924,68,3832,67,3605,69,577,73,3475,67,3771,68,187,63,377,70,-1,1776810544.7876186
1.472618200323598,-2.1303883403716686,0.6215725090807696,0.0161511598298463,-0.2069212022740513,1.06140418336397,1064,71,3541,68,1369,71,462,74,895,61,3436,71,326,70,3620,64,-1,1776810545.926371
1.4306346420266043,-2.182811508492033,0.5859046223552619,0.039233913812289,-0.20929310853396263,1.0673285278699771,939,70,3966,67,3777,73,303,73,982,62,3328,70,409,72,3264,64,-1,1776810547.1220005
1.387830868380159,-2.2243065866705747,0.5761428449664185,0.0688608636842139,-0.2107539611031018,1.0734992915045827,3159,72,45,66,3872,75,324,73,2912,64,1162,69,310,72,3232,66,-1,1776810548.2685308
1.3864068177845341,-2.2150457881194994,0.5634521660179961,0.09599934805933008,-0.19296824217873973,1.057952431148968,3146,73,148,67,3802,73,254,73,2900,66,3232,69,191,69,3257,66,-1,1776810549.348049
1.4231290050117809,-2.2539770542948565,0.5180479728766426,0.10234768949786938,-0.17502571792931085,1.0584759322311712,1125,73,230,66,3640,68,222,72,3098,63,1293,70,,,1342,65,-1,1776810550.4268224
1.4653843208938149,-2.2091081957081022,0.49018107483619167,0.08629413386250841,-0.16430085270404624,1.0509943977473206,1077,72,280,63,3812,61,231,72,3248,64,3387,71,,,3502,65,-1,1776810551.5053208
1.532351398746519,-2.1460801610769726,0.46631386120175483,0.0677558601111083,-0.15995862875434033,1.0496018335272472,1086,71,293,61,3337,66,262,71,3442,66,3355,71,,,3494,66,-1,1776810552.6334724
1.582057917216903,-2.1468059879705037,0.4525292271723384,0.04635490502199679,-0.16264400679248342,1.0730761407239864,1078,71,328,64,3204,70,317,73,1415,66,3330,71,2807,60,3487,68,-1,1776810553.764908
1.6009163077405133,-2.0795977461333077,0.4564023966598244,0.030175412341991007,-0.1595615733821892,1.0566303264072399,3467,71,3654,60,3066,72,409,74,3653,71,866,66,955,65,748,64,-1,1776810554.9046125
1.5495278220219206,-2.098881973915447,0.4646145920748801,0.007222833609682148,-0.15692776118524054,1.0453069739895273,3622,61,79,68,854,74,2903,72,3608,69,764,69,910,63,3479,60,-1,1776810555.983915
1.5726512691466774,-2.0645064141220537,0.4189344684845443,-0.01726567947665445,-0.15638989958436292,1.048290524201384,1306,66,184,67,810,74,2783,72,3352,70,1064,68,603,66,3651,66,-1,1776810557.063261
1.593547659418824,-2.0268417166812966,0.42994537909702174,-0.030856893813408635,-0.15365411110160565,1.0423102732228282,3446,67,156,65,785,73,759,73,3283,69,968,68,729,67,3514,68,-1,1776810558.1919389
1.6424434938621792,-2.0472335362718117,0.43654698738659387,-0.04608291929249248,-0.15654772384220683,1.0646561613644574,3482,67,248,66,757,73,887,73,3273,69,2998,68,807,66,1475,68,-1,1776810559.3240807
1.6588701828055208,-1.9566189163013692,0.4236650646200195,-0.06196431937328847,-0.15156512700686336,1.0395645715690938,3481,66,185,67,760,73,3036,72,3208,69,1044,65,737,67,3549,69,-1,1776810560.4587824
1.7067950952075444,-1.8783464083764119,0.3559094808328182,-0.0752991407501683,-0.15059000377678122,1.0438799324358752,3532,66,149,67,2832,73,3167,73,1145,69,1158,65,656,67,3529,71,-1,1776810561.5955036
1.7795087386540838,-1.8352934397215528,0.3334293463235007,-0.09191126014562433,-0.15145176253058135,1.0572039616316675,1554,68,71,67,761,73,1243,75,1125,69,3383,67,675,67,1460,71,-1,1776810562.7897031
1.8079712387368272,-1.7724546217698847,0.3265330683630423,-0.10989229502352507,-0.1492211590040316,1.061966844216227,1570,68,4054,69,777,73,1398,72,3180,70,3455,70,675,67,3512,70,-1,1776810563.871787
1.8573057180561685,-1.7154314008073919,0.31122439077213515,-0.1246453014564662,-0.1482013212084744,1.0646074580477742,1697,68,4042,68,775,73,3465,69,1137,70,3447,70,629,67,3525,67,-1,1776810564.958125
1.88291373416631,-1.6663381113247624,0.33026353594422353,-0.13982758808140305,-0.14686609359734848,1.0586837553619177,3757,67,4084,68,771,74,,,3297,71,3494,70,756,67,3459,70,-1,1776810566.0863307
1.9195027956941852,-1.593853902179399,0.203682091106112,-0.15453257165930367,-0.14545262177334092,1.0588701106932978,1739,64,3965,70,772,73,3025,61,3335,71,3550,69,2607,65,1141,71,-1,1776810567.0695643
1.9919863384454792,-1.5540505687609947,0.22511401586797336,-0.16787906619811213,-0.13484875711556712,1.0577472955828096,3755,67,4084,73,730,73,2853,63,1285,71,3889,66,360,67,3547,71,-1,1776810568.1596372
2.019631100621962,-1.5999111674070399,0.22382400234099278,-0.16538734367475547,-0.11898214724795483,1.048194304999877,3602,69,3790,71,731,73,1021,67,1224,71,3758,70,295,65,3666,72,-1,1776810569.2348807
1.9512655013551616,-1.6155789645272816,0.25357315700644806,-0.149549817298075,-0.10958060155078742,1.0257420335296683,1543,68,3839,68,2790,73,1141,70,3202,70,3637,63,301,62,3708,74,-1,1776810570.215602
1.9502139585743339,-1.6567099277047919,0.2581224316190154,-0.14014491741120347,-0.10790405598177044,1.0282239546375564,1502,68,,,2808,73,3224,72,1088,70,3732,68,366,64,3683,74,-1,1776810571.2473655
1.9594008815314863,-1.7138581284845327,0.2522066893871777,-0.12917393108493846,-0.10711501572567726,1.045087724046197,1436,69,4073,65,765,73,3131,72,1061,69,3790,69,341,62,1567,73,-1,1776810572.3383703
1.9002986944526923,-1.7696816092097036,0.3174162339430698,-0.11407816656413218,-0.10417659996762381,1.026444623530791,1424,69,93,64,774,72,937,73,3147,70,3724,68,502,63,3563,71,-1,1776810573.3638985
1.8740169733172576,-1.7988954959880954,0.3403841972998495,-0.09836182137230592,-0.103195070322672,1.021097965345091,1400,68,41,65,779,72,817,74,1098,68,3555,66,530,64,1482,72,-1,1776810574.4506757
1.8503730139889107,-1.8139380887808967,0.3301826487629206,-0.08177547796285142,-0.10041773453079718,1.021387502637317,1427,68,4014,63,761,72,2798,73,1155,69,3415,67,513,66,3562,71,-1,1776810575.5294623
1.8329447834600139,-1.8624168103620475,0.34335156419624907,-0.06679412865817677,-0.10069474581917139,1.0291949191096728,3476,69,3931,63,733,71,697,73,3306,70,3226,66,467,66,3615,70,-1,1776810576.6105745
1.807577721881332,-1.913947107644271,0.3237020673221319,-0.0523960614071213,-0.09930991217249976,1.0294481213176232,3575,68,3751,61,725,70,602,74,1459,70,3144,67,420,68,3694,69,-1,1776810577.6384616
1.7691257694919307,-1.9826410439561928,0.37589699745997823,-0.03149068235723056,-0.09970243398658207,1.03558912675026,3759,69,3696,64,637,69,506,73,3713,71,3175,69,398,68,1704,70,-1,1776810578.7173676
1.6895646901015113,-2.010347706300871,0.402881825162474,-0.010357714361198873,-0.09687551630266021,1.0145134587576874,4055,67,3569,57,588,68,463,73,44,71,3246,69,325,69,3844,70,-1,1776810579.8619153
1.6650190042619537,-2.0238987520858207,0.3911249369891063,0.003303709069583163,-0.09531725379220675,1.0101355646536685,3754,64,1465,62,501,67,408,73,860,69,3416,70,315,70,3844,69,-1,1776810580.9989038
1.6245361220884604,-2.0499273118780703,0.382116039543543,0.017312111882445476,-0.0966557928976957,1.0148576397996638,2570,60,3520,61,246,68,341,73,29,70,3536,70,221,70,3824,69,-1,1776810582.1387265
1.5795107006222122,-2.0771651509133617,0.4022811007439027,0.037287348354111245,-0.09677889841249354,1.0069007026020742,2796,66,3529,63,3,67,307,73,3008,66,3603,69,2233,69,3795,68,-1,1776810583.28108
1.5668567012192507,-2.1372389327722634,0.42709937313055724,0.054298128725404245,-0.09947162357754188,1.0259378223971647,1015,70,1578,62,3899,64,270,73,2517,66,3677,68,247,66,3722,66,-1,1776810584.3656585
1.519667884015689,-2.1936562131300352,0.4164382502306576,0.0728905415569726,-0.09530229476277392,1.0199891919190005,1334,71,3722,64,,,227,73,579,70,3755,69,2303,61,3591,65,-1,1776810585.3931847
1.5001661964460415,-2.233192567933285,0.405613386124468,0.09446457916560991,-0.09249760456306752,1.0226288984247,1420,74,3721,62,,,151,73,2727,69,3765,70,103,65,1402,64,-1,1776810586.4360862
1.5203744643105395,-2.2432926468464114,0.4122419858922395,0.10437781565122686,-0.08103988700824483,1.0246485254069602,3505,71,3401,56,3707,67,63,72,811,67,1677,71,4,69,1350,64,-1,1776810587.4696426
1.5606275964034417,-2.22268982386837,0.3809788659820475,0.09248444683844051,-0.0750208945188599,1.0230735235814736,3316,67,,,3890,69,60,72,2967,67,3582,71,12,70,3486,64,-1,1776810588.602333
1.5909539185170138,-2.131799312338817,0.43170107555758275,0.06917050834711236,-0.06788918862606429,1.0039705035728579,884,67,,,4075,68,97,71,3618,65,1411,72,55,70,3596,66,-1,1776810589.6979659
1.6358062355260645,-2.112659911335295,0.3623822579055535,0.05180961749018465,-0.06785546008507612,1.0118067667329558,423,61,,,229,69,109,71,3152,65,1260,73,74,69,3526,66,-1,1776810590.7869487
1.6221301043390417,-2.029537402764805,0.38352894436200796,0.03377177713535125,-0.06616996984695245,0.9902616706536688,257,69,,,336,69,162,71,4051,72,1126,72,70,69,3620,67,-1,1776810591.8682888
1.6765935275882506,-2.055593708870507,0.3119678273945322,0.0191087648424115,-0.0690605153477328,1.0162505447247905,109,70,,,486,68,214,71,1648,71,3037,70,145,69,1578,68,-1,1776810592.949777
1.686237276933317,-1.9561280931970675,0.3473331467169742,-2.062039076015546e-05,-0.06794106091580734,0.9953007297221814,3983,70,,,640,69,2281,71,3512,70,911,69,112,68,3614,67,-1,1776810594.035553
1.7528223682530109,-1.923924468819293,0.28039632214439153,-0.015698480312323394,-0.06631469307541467,1.0064379646762447,3861,70,3059,57,623,68,236,70,3370,70,868,68,81,68,3646,68,-1,1776810595.0647967
1.790000344536684,-1.8501010696911486,0.27576671716428364,-0.03205613055763867,-0.06356227110610112,1.0005202885924929,1683,70,1073,63,2676,68,294,69,3256,70,990,66,54,67,3614,68,-1,1776810596.1470945
1.8231283648161036,-1.7364765287549246,0.18903271008985667,-0.051847643354295925,-0.060111800202721756,1.0025006587190446,3692,70,3230,65,661,69,346,68,1119,70,3451,64,4081,67,3582,69,-1,1776810597.2873282
1.8627395011162382,-1.6685411626445796,0.1546923713825445,-0.07300161140336485,-0.05768659308013121,1.0026874281589648,1582,71,3446,67,663,69,2396,66,3141,70,3943,62,4042,68,3545,69,-1,1776810598.3147082
1.8888335859735548,-1.5765780920913608,0.14475354537065227,-0.09536483307946161,-0.05486232945146455,1.0067256826401787,3622,71,3589,63,2776,70,319,63,3108,71,,,4072,68,1563,70,-1,1776810599.394518
1.9323320006877724,-1.5165959662157675,0.09391345443232799,-0.11365691289133407,-0.05373267224157781,1.010087994528565,1553,72,,,2889,70,,,3109,70,,,4055,70,3632,71,-1,1776810600.4301026
1.9530809847321582,-1.4081883261042447,0.07283963852378422,-0.13418863596342426,-0.05366463806606966,1.001223319591061,3570,71,,,981,69,,,1111,71,,,4040,70,1798,69,-1,1776810601.3595953
1.9756620989970524,-1.384952852757613,0.04706669007529857,-0.14982586207686735,-0.05311957045389052,1.0048472407680644,3517,71,13,60,1086,68,,,3113,70,,,43,71,3051,65,-1,1776810602.2939322
2.001688911790445,-1.3812690817121256,0.041562337082841426,-0.1722601059263677,-0.04796513315690351,1.0118406660385535,3543,73,462,61,3049,67,4034,70,3021,70,,,42,71,2442,69,-1,1776810603.3805232
2.0168614716965823,-1.4609699088880461,0.11236533358109727,-0.19348732379226818,-0.03396295708448088,1.004969883402252,1460,72,2855,62,875,66,104,67,920,71,,,4095,72,,,-1,1776810604.4660015
2.080376353818181,-1.5524684105490119,0.18673578731223314,-0.18788181705857712,-0.01899070164810808,1.0129099045081371,3464,72,3584,63,1107,66,,,2995,69,,,4028,70,,,-1,1776810605.4389157
2.084373034231026,-1.630576127714254,0.15745863567403684,-0.16426427264255405,-0.012514578930749625,0.9985737652880612,1437,73,172,64,1017,67,,,882,70,,,3983,70,3627,64,-1,1776810606.3623981
2.0293019116394326,-1.6405329328226008,0.22604927302840974,-0.14327313726444563,-0.009994179318728461,0.9894678961269927,3479,72,4095,66,918,66,,,865,70,,,3989,70,3619,63,-1,1776810607.3406699
2.026333090320689,-1.6627559246992007,0.19925463182893238,-0.1292083309674412,-0.0057645822460858625,0.9916250614540814,1375,72,3735,67,909,65,,,817,70,,,3994,69,3502,64,-1,1776810608.2650316
1.988616973250891,-1.735552858745353,0.2584563091069283,-0.11408319186633083,-0.004728353792313661,0.9959613786774598,3412,73,3625,68,2918,65,,,2859,69,,,3951,68,3511,65,-1,1776810609.135376
1.991376789621324,-1.7448479856173331,0.28069110796315844,-0.10072922568849556,-0.002465876744526907,0.9933628474943407,1356,73,3491,67,2796,65,153,62,736,69,784,66,3912,68,3203,65,-1,1776810609.9663475
1.949385819129938,-1.759136480459484,0.2437998472901415,-0.08850049352932096,0.0012547060540396553,0.9862106163309645,1316,73,3279,66,782,64,12,65,731,68,830,68,3911,66,1022,65,-1,1776810610.887103
1.8945115487323732,-1.805325867925136,0.31868784019767754,-0.06852233114581276,0.003983084439473696,0.9695033367264263,3394,73,3064,63,2784,65,179,67,2809,67,892,71,3930,66,3084,65,-1,1776810611.9137893
1.884328089036888,-1.8710056868426546,0.2720079487409215,-0.044411579642032094,0.004287031642261294,0.9841578484124369,1360,74,,,2796,63,128,69,835,66,3079,71,3965,67,3152,65,-1,1776810612.9468732
1.8487544867639127,-1.8944500815687415,0.25600386753685517,-0.02070794944399428,0.0073431388328261465,0.9723122946544315,1378,74,,,594,62,123,69,,,1186,72,3965,68,3125,64,-1,1776810613.8732786
1.8100250683489483,-1.9242160486956743,0.274705365826089,0.0045469477962714324,0.007075873380939621,0.9760655881388861,3462,74,3631,59,578,62,138,71,,,3363,73,4024,67,907,66,-1,1776810614.7900078
1.7423093887954637,-1.949959956306126,0.35440792464460774,0.019643561860130953,0.006427392696136491,0.9667569149909826,3640,69,3464,62,471,59,142,72,,,3530,72,4040,66,934,67,-1,1776810615.7670877
1.7300084867702707,-2.030870107845019,0.36403352580596793,0.04536842322791376,0.006202282383342848,0.966500330367429,3749,64,3402,65,389,60,141,72,,,3625,73,4012,66,2959,68,-1,1776810616.8027658
1.69218958889106,-2.092721601310346,0.3474496561885564,0.06240279352892554,0.0051413796814818655,0.9690704849376428,3632,64,1301,65,97,61,107,72,,,3732,73,41,66,964,69,-1,1776810617.8899608
1.6458297880451729,-2.1660639298956923,0.37615304017674855,0.08235529205187528,0.0012427618682136045,0.9811876777659092,1529,67,1274,66,3963,61,82,73,,,3749,74,183,64,2846,71,-1,1776810618.971502
1.6044640051383319,-2.192153535050196,0.36771695997613363,0.09315920834603184,-0.0041961263374620675,0.982125259486493,3398,68,3857,66,3926,64,118,71,2328,66,1523,72,,,568,72,-1,1776810620.0553157
1.558812031184466,-2.1824964104867384,0.3957900466817521,0.09654924490551138,-0.012774034089898528,0.9758021761030431,1402,71,3810,69,3860,67,264,71,2578,66,1398,71,2718,66,338,73,-1,1776810621.0330312
1.5549298668532858,-2.223261832917725,0.4465108867693076,0.09696186480783821,-0.02814080477235341,0.992341381540317,3773,64,3898,67,4040,71,368,71,,,1232,73,2797,67,222,73,-1,1776810622.0117776
1.5389901112229738,-2.2498194125888133,0.45499819849661816,0.07895762175424392,-0.03629939803633298,0.998707970791061,255,69,4089,66,2286,69,483,70,,,3103,73,2822,65,166,71,-1,1776810622.8966973
1.5883940417472293,-2.158188042783885,0.42667294862361976,0.04968204043660516,-0.029570786701288224,0.9856147054463682,3884,68,242,66,480,68,471,68,,,3148,73,31,61,2515,68,-1,1776810623.7635717
1.6303601068994267,-2.138178091626533,0.4396826798907034,0.030764545948189143,-0.02640958053447281,0.9848583434098447,3746,73,675,61,602,66,344,70,997,68,3002,71,4085,67,802,67,-1,1776810624.733448
1.6764581203186608,-2.1144678090825084,0.4182095611686745,0.00994330452900846,-0.02286553147410588,0.9936727143178357,3531,73,922,63,824,66,251,69,2912,68,861,70,4013,65,2991,66,-1,1776810625.8703935
1.7050757657917757,-2.0288620120440237,0.441259505323008,-0.014451842241727218,-0.019116217107487593,0.9801458923443174,3395,73,1127,65,1029,63,137,67,2770,69,3049,62,3929,66,3213,65,-1,1776810627.0060875
1.8034270938357786,-1.993984279918185,0.3853474283987706,-0.05024027079946553,-0.01585918923367338,0.9982574341216093,3273,72,3335,68,1228,63,,,2780,68,407,62,3831,69,,,-1,1776810628.1387525
1.8795852433791378,-1.9346250080422862,0.3757558751710716,-0.09166644043652981,-0.010575086833248351,1.0127689879194735,1244,73,1518,66,3075,61,628,62,731,69,439,61,3802,70,,,-1,1776810629.0654473
1.926419456697925,-1.8779489518044368,0.43668389893246917,-0.11917234660846339,-0.013030847346116757,1.0080183362358963,1207,73,,,920,60,2240,68,769,69,,,3855,71,21,68,-1,1776810630.1052957
1.9452287667083,-1.8263473082920798,0.3815900147679893,-0.1477836897576467,-0.014597015498334915,1.0090720851254342,1254,73,,,2640,59,281,73,2967,70,,,3851,71,2371,73,-1,1776810631.0830085
1.9559436113755717,-1.754686419245156,0.4107300213731314,-0.16702674264763936,-0.028430681100963216,1.0149415040340037,3425,73,125,62,465,63,175,74,1062,70,49,64,3830,70,515,72,-1,1776810632.0103552
1.998794482389772,-1.70836037017065,0.3686342289569575,-0.17877240946447195,-0.04860717148154774,1.0264272434343453,1481,71,110,70,591,68,52,71,1228,71,1212,64,3747,69,994,69,-1,1776810633.0364437
1.95541937886739,-1.7057890812194543,0.4076094712642129,-0.17298658372955103,-0.06607161515297187,1.0197908913628646,3499,70,,,2687,68,926,61,1178,71,191,65,1579,68,3660,72,-1,1776810634.113334
1.9448630282637378,-1.7518363554330048,0.41236783977852126,-0.1567867792336354,-0.07826563781253422,1.0301816674408926,3501,70,2499,65,2750,69,789,66,1107,71,3630,66,3459,64,3822,74,-1,1776810635.1462646
1.9214652687483393,-1.7982354444268396,0.3923554857347003,-0.13447279440764115,-0.07900618531162222,1.0327101445782114,3498,70,860,63,801,69,2973,68,3092,70,3636,68,3402,61,3570,74,-1,1776810636.279368
1.835407505926315,-1.8484978571535726,0.4163117722009241,-0.10582422380849014,-0.07819905881158343,1.0111228822832856,3429,69,698,62,893,70,562,71,1087,70,3175,68,,,3312,73,-1,1776810637.470293
1.802336586745454,-1.9317616728835354,0.41739166174628645,-0.07553655411828313,-0.07973605300490343,1.0281250248461198,3467,69,638,60,2967,70,426,72,3233,70,1057,71,,,1195,72,-1,1776810638.4974077
1.7025911039806974,-1.9742723956261363,0.46931528325256316,-0.04379126782656281,-0.07968857701998949,1.0101067659738083,1534,68,,,2949,70,380,72,3546,69,3192,72,345,63,3187,70,-1,1776810639.522189
1.6575534427753837,-2.0008255465515097,0.486512879228955,-0.021180793784558206,-0.08138368390712095,1.0046663067644481,69,64,,,2863,69,324,72,161,63,1285,73,298,67,1164,70,-1,1776810640.6008463
1.596682287820841,-2.0993301868602816,0.4627928617333724,0.007764482897711196,-0.08607846983083957,1.0113962853970355,2901,66,,,545,68,2288,71,145,63,1458,72,179,68,3172,70,-1,1776810641.6293964
1.5606028396037246,-2.148032795411408,0.4485289401630299,0.027716229994526654,-0.09100728280128097,1.0239826884950511,894,70,3867,59,195,68,207,72,2555,66,3610,70,258,69,3177,70,-1,1776810642.7637074
1.5233009920377578,-2.195363175286301,0.43458353598560256,0.05416170749622425,-0.09521548184354298,1.0346096221567875,3235,73,3837,62,183,64,162,73,586,70,3446,69,704,65,3236,70,-1,1776810643.8933673
1.458237323828999,-2.2800641567747326,0.4937909583016757,0.08833069652131664,-0.10348991518524209,1.028528129980751,3233,75,4033,62,,,146,73,541,68,1387,69,2895,66,3400,71,-1,1776810645.0268393
1.3923738670804229,-2.324844481941234,0.5648703565450341,0.09903535976040923,-0.1204345668056901,1.0367658981569334,3123,73,3897,61,,,230,73,664,66,1447,71,,,3449,71,-1,1776810646.1580362
1.3766552960056975,-2.3264642098792185,0.5277908240504818,0.07967278550481484,-0.1315544695170104,1.0511282514234674,975,71,,,649,66,259,72,3278,65,1433,72,,,3448,71,-1,1776810647.2378857
1.3946301722633703,-2.265785562126704,0.5558349382920414,0.05304899932535577,-0.13214540706007388,1.0315423610952834,2994,68,,,847,71,280,72,1533,68,3432,73,395,65,3410,72,-1,1776810648.3198156
1.4451859039935824,-2.230596937858495,0.49717392798273247,0.03308904357438173,-0.13222918826204708,1.0415219006473888,3122,61,,,2945,72,337,73,3575,70,1279,73,454,64,3375,73,-1,1776810649.4022002
1.486004821051336,-2.1830886179926523,0.5075905679191604,0.012852426061222406,-0.12861075580260262,1.034151411507333,1323,64,,,889,72,2443,72,3437,69,1210,73,382,62,3393,74,-1,1776810650.481682
1.529347746122755,-2.1609087529641378,0.5168406408426506,-0.005004956665966155,-0.13023529949828658,1.0355564276196252,1332,66,264,61,852,73,496,72,1246,70,1207,71,347,62,1400,74,-1,1776810651.563549
1.5527245428698642,-2.0978029096015334,0.4965747437329925,-0.02708164241259774,-0.12935889924922903,1.0339255821643685,1260,68,278,59,816,74,605,74,1178,69,1250,71,188,62,3557,75,-1,1776810652.645565
1.619113793577559,-2.0651565732708166,0.48001552360373606,-0.05467948216882951,-0.12893968795472946,1.0365528569356957,3335,67,69,62,821,74,684,73,1103,68,1425,70,,,3660,76,-1,1776810653.7805965
1.6890326827167768,-1.9917589666174953,0.46077603132560535,-0.07548297110597929,-0.13085077379754514,1.0364066430451344,3376,67,4014,59,2849,76,806,73,1121,69,3580,71,,,3734,76,-1,1776810654.8608725
1.737497473744578,-1.9275904440213754,0.44868136039336737,-0.09934550068494108,-0.13113364085182522,1.0403456403299662,1410,67,3828,63,2852,75,2978,69,1165,70,3694,72,3813,63,3714,73,-1,1776810655.940917
1.7863907750633867,-1.8925724352909192,0.46276592147375883,-0.12177643060711033,-0.13109102913920795,1.0466762578268891,3546,65,3655,65,816,75,530,65,1185,71,3789,72,3765,65,3569,68,-1,1776810657.0720737
1.8605467247541676,-1.823502364488404,0.41377291043727943,-0.14579261202072094,-0.13357783470405002,1.052239628447974,3572,65,3617,67,2876,75,,,1195,71,3827,73,3825,66,3320,66,-1,1776810658.1546917
1.8686183181521594,-1.7925541838491053,0.45483307177518933,-0.1562357352482166,-0.13409686048002833,1.0574133078999473,1583,66,3714,65,838,75,,,1221,70,1802,73,3879,66,861,65,-1,1776810659.1876273
1.860353639458072,-1.7806018585886136,0.4609323928025415,-0.16402113002706345,-0.13515474180953807,1.0434826659887206,3659,64,3760,63,865,74,320,64,3305,70,3861,71,3976,67,528,68,-1,1776810660.214265
1.9192949722688604,-1.756107106389467,0.4600986981400687,-0.17859233729564689,-0.14220242671715966,1.057806314406741,1519,65,3801,61,2948,74,340,67,3310,70,3817,71,7,68,,,-1,1776810661.2947063
1.9280545808282978,-1.714919432155239,0.4374977138069902,-0.18590040327752924,-0.14997262965584798,1.0606048979077967,3575,63,,,951,74,3558,67,3264,70,3801,71,225,65,3279,62,-1,1776810662.3253596
1.947169982569655,-1.7300940318932951,0.4560169379529158,-0.1925491376675267,-0.16518886974094452,1.0840969898594652,1486,62,,,3022,74,42,71,1160,69,3819,72,406,64,,,-1,1776810663.353763
1.919355735830224,-1.7547110048950505,0.4160830131411907,-0.18227720506269712,-0.17406949780587638,1.079205349838765,3530,63,3810,61,3045,74,,,1157,69,3730,73,529,64,4066,67,-1,1776810664.388766
1.8712828679787856,-1.8046396455009202,0.46510917248724776,-0.16151379960183038,-0.17530537130062115,1.078705591169531,1383,64,3738,62,3038,75,1594,68,1180,68,3633,71,450,64,3789,76,-1,1776810665.4752538
1.795793998480095,-1.8695301590930322,0.4552420263807768,-0.14198407464496082,-0.17580963847691666,1.076043543863276,1325,67,3893,61,955,75,3181,72,1226,68,3542,71,415,64,1605,77,-1,1776810666.61216
-2.4112244947449453,2.64616487213102,-0.6958672871931291,-0.11764018926121968,-0.17176009429870717,1.0657074865643588,1290,67,4031,58,922,75,930,73,1263,68,3516,71,371,65,3622,77,-1,1776810667.800386
1.7199931329822686,-1.9539016249771541,0.46414777320858636,-0.10557025942834272,-0.17247835865799732,1.0710771326217403,3332,68,25,62,892,75,2874,73,3366,68,3434,71,247,65,3597,76,-1,1776810668.9417427
1.664027441012894,-1.9958977252208177,0.5147644431217303,-0.08778897236778262,-0.1685376607376185,1.0546629830066814,3336,69,120,62,844,74,2758,72,3388,69,1258,71,97,65,3539,75,-1,1776810670.1273198
1.6209295416387997,-2.023523489391687,0.4739132493064758,-0.06856675037599347,-0.1669459889440048,1.0547968516742185,3369,69,308,63,829,73,589,73,1359,69,3308,72,48,64,3515,73,-1,1776810671.314959
1.5514489077720566,-2.120232446382989,0.48969476029315057,-0.04622868921826388,-0.16871276548636954,1.0629510674130072,1249,70,342,62,2994,73,456,70,3317,69,3380,72,,,3644,71,-1,1776810672.5056038
1.4586087323851917,-2.1633898707876367,0.5304532811933315,-0.00985956217671881,-0.16880737015763506,1.0490998693968292,1265,71,452,62,3280,71,350,70,1151,68,3393,72,,,3654,70,-1,1776810673.6385293
1.3499839891644263,-2.2706910613058593,0.5144175490383767,0.023281215056862595,-0.17974298836442718,1.0657856713660823,3376,72,507,62,3708,66,273,71,3109,68,3382,71,,,1575,70,-1,1776810674.725589
1.2113473503490508,-2.350330414622837,0.5633342268886274,0.05105587310108867,-0.1915293470589559,1.067473577697668,3422,73,391,64,3693,72,258,71,1053,69,3380,71,88,66,3559,73,-1,1776810675.7994945
1.098638169708207,-2.449691666871424,0.6383875176635807,0.06588084461003524,-0.20420270616018477,1.0755933486529219,1301,73,199,67,3827,67,,,2962,69,3337,71,,,3357,73,-1,1776810676.9861407
1.090216509755543,-2.4686583453334885,0.6523223378337121,0.07353549459121432,-0.18144400822965742,1.0582784402577756,3304,74,91,64,,,276,74,758,70,3389,69,,,3208,73,-1,1776810678.0147312
1.1108969493759204,-2.449414249080813,0.6578404808424383,0.07685404810738142,-0.16518466905092904,1.056330318411135,3202,74,4041,63,,,212,74,2571,70,3559,70,493,67,2974,72,-1,1776810679.0497258
1.1561091051872388,-2.471123794311831,0.6157831807488235,0.07769965484303237,-0.1443457728931724,1.0541301382871815,3036,71,3852,62,4088,68,132,73,,,1571,72,325,68,2751,71,-1,1776810680.1336262
1.234204043173585,-2.4498957267065737,0.6478639454529302,0.06804481234557452,-0.10976804004703015,1.0280946089543725,3040,71,,,124,68,81,72,770,66,1451,73,450,68,646,71,-1,1776810681.1647747
1.3495959613559245,-2.41171085927524,0.6017039032815239,0.06210113694557407,-0.07403960512122204,1.0282655862060441,3109,67,,,361,66,52,72,,,1315,73,474,66,615,70,-1,1776810682.198662
1.44801038669751,-2.3422644194129782,0.6172351309001084,0.05800664759988558,-0.045651001854020545,1.003308759634201,3559,67,,,602,65,85,71,,,3327,73,484,67,591,70,-1,1776810683.1274655
1.4905258388626816,-2.3400183378345085,0.5877319920632955,0.04565877165025019,-0.040228695708563265,0.9920103138843666,3117,65,,,463,66,108,72,,,3406,73,2459,67,631,70,-1,1776810684.0141637
1.4811649176595607,-2.3815828958382452,0.598070857476829,0.04241058679588578,-0.05682489643491319,1.019684493701291,646,66,13,57,357,67,237,73,302,67,3456,73,340,67,2892,71,-1,1776810685.0465586
1.3702262163244323,-2.2864893734410483,0.5999397407656026,0.03743156386314183,-0.08305734513200674,1.0173077592139042,2759,67,26,64,2514,67,385,73,1003,67,3405,72,,,1014,72,-1,1776810686.1783159
1.3387927960071504,-2.319608655451201,0.5939937336824094,0.029556925715587108,-0.11409834867365456,1.045642753722951,3127,70,117,66,2937,64,513,73,960,69,3373,73,238,64,1282,73,-1,1776810687.1508136
1.2730553503705468,-2.31955942943085,0.6417298078472132,0.01932215849429448,-0.14152093107228653,1.0550530931984936,1191,72,247,67,2946,66,672,72,3094,70,3374,71,442,62,3478,73,-1,1776810688.2289867
1.2137625177500846,-2.3452906573993904,0.624765499731986,0.007679511402883246,-0.16756054253192137,1.0616609743390266,3274,71,366,68,785,66,2769,70,3127,70,3377,71,666,63,3545,73,-1,1776810689.318617
1.1931031343470722,-2.335871931285769,0.6375588513306467,0.0017913604192818947,-0.17776989590328954,1.041959367420727,3377,71,2575,67,2857,63,2677,68,1174,70,3404,71,653,64,1527,72,-1,1776810690.4029217
1.1951538838449283,-2.3687723815944564,0.6155628292958836,-0.002467971630889435,-0.19395669589053374,1.0662216089361787,1394,68,783,66,2856,70,393,67,3298,70,3390,71,,,3602,71,-1,1776810691.5348816
1.2065283012978754,-2.3244650851889115,0.6067794546454746,-0.015223420982845225,-0.20671057250132757,1.0718437931602336,3392,69,717,66,824,70,2612,68,1197,70,3325,72,3948,65,3425,73,-1,1776810692.6187549
1.2781533410448476,-2.2862518964980643,0.5932630040301695,-0.02481736287290142,-0.20306547390464866,1.0948274826215796,1235,68,379,66,822,68,627,72,3260,70,1191,72,145,64,3196,73,-1,1776810693.7520547
1.3551368991482746,-2.2415869151197763,0.5748931996695341,-0.01699384709426013,-0.1519422640274336,1.0505534509935257,3542,65,295,62,722,68,486,73,1439,69,3179,72,160,64,840,71,-1,1776810694.837113
1.4570291317859705,-2.226976384101162,0.5356692367125333,-0.010354931273030355,-0.11206088017420705,1.0497700786070598,3968,67,721,63,678,67,328,72,1323,68,3092,72,54,62,614,68,-1,1776810695.9191005
1.4589885724077516,-2.182187939510839,0.5431905183132933,-0.003837581349409793,-0.078372674234696,1.0142730679829761,3787,71,3029,64,854,67,216,70,3138,67,3020,71,53,64,647,68,-1,1776810696.9999087
1.5102923061389946,-2.16746996039757,0.5650849784845916,-0.007348685677332623,-0.05324969207911892,1.0022120910715717,1570,71,3109,65,927,65,110,66,2902,67,928,71,4015,62,640,67,-1,1776810698.0871036
1.560507044755529,-2.1060769679680185,0.5417169163431332,-0.014466441466178098,-0.03356926568058634,0.9828089451314509,3528,73,3175,67,1021,66,2112,66,2777,67,2953,70,3905,60,623,67,-1,1776810699.1627276
1.6280723502969527,-2.122571899289037,0.520691375834525,-0.0210198234393747,-0.021951053990059137,0.9918115535031979,1420,73,1160,66,1093,64,69,64,2750,67,871,69,3894,63,665,67,-1,1776810700.2409916
1.6735789137085175,-2.13402724331184,0.4502974982868817,-0.02754070515051264,-0.013527797063407546,0.994695584916119,3446,73,3247,68,1157,66,24,62,715,67,2897,67,1658,61,769,68,-1,1776810701.271522
1.681305391304715,-2.094187608406787,0.5017956799854799,-0.038595040226147334,-0.009286520020953598,0.9782989296248611,1375,73,3355,69,1142,65,,,2816,69,825,68,3557,62,2901,67,-1,1776810702.3040862
1.7801785335048965,-2.061748246174644,0.4762565964524009,-0.05716092855567964,-0.004687840321460719,0.9911890402861714,3447,71,3284,68,1073,65,,,830,70,2939,68,3566,62,1116,67,-1,1776810703.280841
1.7422204185960246,-2.025133020932696,0.46602209801825206,-0.05964475501620834,-0.028448084746516424,0.9997357574140546,3468,71,3121,65,2907,67,363,65,884,70,3016,69,3558,62,1091,70,-1,1776810704.2556422
1.65666480216399,-2.0343694848775256,0.5236097886478849,-0.05454988063390407,-0.04919952313818745,0.9938345697580648,3493,69,2999,63,728,70,448,70,2995,70,1083,70,3657,60,1255,73,-1,1776810705.3338664
1.6613447552824334,-2.069293707786149,0.4747814918901844,-0.05178294100830033,-0.07145129335844545,1.0271450211580793,3455,67,785,62,623,71,564,72,3057,70,1085,70,,,3318,74,-1,1776810706.424367
1.5978103059541975,-2.095312489990433,0.5286798803719778,-0.05132176604029389,-0.09374142770784989,1.0202781180183513,3439,68,559,63,624,72,2661,73,1121,70,3181,71,3744,63,3387,74,-1,1776810707.4521008
1.581115994891814,-2.1389507773761767,0.5529978204150567,-0.05253035884838116,-0.10959967814242712,1.0282765391190256,1336,67,552,63,679,73,2718,73,1180,70,3228,70,3859,65,3443,75,-1,1776810708.538518
1.5471753589685302,-2.167289741459494,0.5465882703144016,-0.05577272833256771,-0.1270752925166817,1.0457325089466218,1336,68,490,63,740,74,693,73,1294,70,3308,70,3894,67,3494,75,-1,1776810709.6204808
1.5339713940602848,-2.125265147438018,0.5384085044201614,-0.05887318005207361,-0.14238532410807545,1.0482707524059218,1347,67,607,63,,,713,72,1316,70,3318,71,4029,68,3502,75,-1,1776810710.7506757
-2.0262481920514,2.8754584621643975,-0.7463163755268595,-0.061007278919664405,-0.1601947192059062,1.0455361016025955,1318,67,687,62,822,75,2742,71,3442,68,1296,71,122,68,3471,74,-1,1776810711.893567
1.526474376039135,-2.1749311225583057,0.5239303282007145,-0.06856819045385297,-0.18479969529522125,1.0716339278162192,1351,65,,,2904,75,615,71,1413,68,3413,71,298,67,3439,74,-1,1776810713.080641
1.5343360550341907,-2.148326056677887,0.5226226394053423,-0.07822952034744708,-0.2001872924434434,1.0784734092802744,,,,,898,76,2698,73,1333,67,3415,73,426,68,3442,75,-1,1776810714.170533
1.5859788482047614,-2.093561676098548,0.49719460521049497,-0.09171677970333639,-0.20301090557981039,1.0798133883680914,1275,64,2636,58,2984,76,771,72,1300,68,3444,70,2400,67,3515,76,-1,1776810715.1496303
1.6281035356591997,-2.0625050075676366,0.5046822527851781,-0.10116368867156306,-0.19532581164984603,1.0766317993149526,3352,65,2547,60,2965,76,887,72,1276,68,3447,71,194,68,3531,76,-1,1776810716.2864902
1.6442170454836944,-2.0485844361682144,0.541758957815504,-0.10661619531877045,-0.18393965932697615,1.0708459091256115,1278,66,595,61,901,76,3003,72,1222,69,3460,70,4076,67,3597,76,-1,1776810717.4223342
1.6394934709723508,-2.053027960796578,0.5183084030421596,-0.10878947750657196,-0.1719776641094375,1.0663665429000098,3361,67,2577,63,2891,75,3049,71,1129,70,3492,71,3912,68,3647,75,-1,1776810718.5569434
1.653494776642327,-2.0425119817086514,0.5258635063068624,-0.11255475617748706,-0.15565239811426668,1.0565854179200465,3411,69,485,66,756,74,930,70,1073,71,3561,70,3670,68,3673,73,-1,1776810719.637235
1.666059381881034,-2.029174605621426,0.5353671652599133,-0.11301250478552176,-0.1399579347307269,1.0451336364955597,3421,70,2596,65,664,74,2992,68,2967,71,3704,68,1481,69,3691,70,-1,1776810720.7190056
1.6766953377316944,-2.015632496192243,0.5484006951600746,-0.11467448660318584,-0.12096841593709506,1.033785884049375,3417,70,895,66,574,72,2803,65,915,71,,,3521,69,3499,66,-1,1776810721.8505144
-2.3255674559137476,2.6566565543873697,-0.6632998560893627,-0.11942233285693467,-0.10070003052727645,1.0366338222916398,1390,71,2987,67,511,70,2803,63,2867,71,135,68,3565,69,2850,69,-1,1776810722.7749703
1.746824625643209,-1.9777537251788702,0.4742477288439203,-0.11800608046059093,-0.07907437287706175,1.0199927149219705,1369,71,1206,69,478,67,3755,71,2811,69,420,66,3645,69,,,-1,1776810723.8049386
1.764280354577071,-1.9862071019066228,0.48600684774344155,-0.11965557814399365,-0.05941271712785818,1.022518716313892,1348,72,3383,70,481,63,357,60,2727,69,555,65,3710,70,3931,65,-1,1776810724.7808058
1.7624188412552557,-1.9499425436681455,0.5073166531780212,-0.11930015492555747,-0.03739455858968165,0.9982125735269922,1303,73,3604,68,672,61,215,69,2627,68,390,61,3749,68,4003,70,-1,1776810725.8143055
1.8262285052268799,-1.9541674382977872,0.4806998645354118,-0.12624294661427968,-0.014950196339639447,1.0012892343069761,3286,73,,,3001,61,329,71,540,68,,,3763,70,4036,71,-1,1776810726.850437
1.8507376877519992,-1.892958195447544,0.5411972847227584,-0.13027410153954946,0.0014538719146421333,0.9826178257874704,3214,73,3957,62,3232,60,333,73,444,67,958,66,3772,70,20,74,-1,1776810727.7741282
1.8921592241571987,-1.885365369477937,0.4304244699432743,-0.13945769620288526,0.010481623053748265,0.9842218809572336,3231,74,3839,64,3373,60,316,74,414,68,,,3810,69,99,74,-1,1776810728.8077497
1.9423544887904274,-1.8798784764834557,0.43648800229975604,-0.15142253287272459,0.017846445832012135,0.9874110065593215,1131,74,,,3511,63,351,74,424,68,,,3831,70,137,75,-1,1776810729.7858515
1.9485767888611059,-1.8280960725491724,0.4269100059063158,-0.16175321844811388,0.02871455868145273,0.9800993223738197,1166,74,431,63,3392,64,367,74,2554,67,,,3852,70,141,75,-1,1776810730.762122
2.002951271649115,-1.8042535870132101,0.3718920529846135,-0.17834466557828885,0.02403374989918839,1.008316142325718,1251,73,1625,71,3143,63,391,73,758,68,,,3817,70,158,73,-1,1776810731.739889
1.9797826420053648,-1.720399413448832,0.32995185138713407,-0.17147306151320052,0.008762456371044752,0.9910321368390873,3389,72,3859,65,901,65,317,73,844,69,,,3816,70,4033,68,-1,1776810732.714425
1.9983393257774382,-1.7367688728073816,0.2990366314768108,-0.16979759829593716,-0.002882515726609257,1.0036868449897305,3467,72,3929,61,830,66,218,70,965,70,,,3779,70,54,68,-1,1776810733.7428188
1.985828911410456,-1.710664522513257,0.3117981174271449,-0.16830511221498373,-0.01415177698467413,1.0110202397965993,3527,70,,,742,68,47,68,3127,70,,,3773,70,32,65,-1,1776810734.7736728
1.9929687492498127,-1.7270050005552662,0.33186025245676987,-0.1658010844398248,-0.02473003935319647,1.0089177740991182,3556,69,,,696,69,4031,69,3260,70,,,3764,68,2519,69,-1,1776810735.7517295
1.9820059189270456,-1.702604478390686,0.34198280622479066,-0.1666666903494314,-0.037353895183799266,1.0167461385430054,3719,64,294,63,2716,73,3890,68,1318,71,3987,63,3786,69,734,69,-1,1776810736.78322
1.9646970887742052,-1.712992327389844,0.2964196996912774,-0.1671472863291695,-0.05298715160198161,1.0223981501422506,3821,63,2426,75,627,73,1,69,3830,68,,,3162,67,675,67,-1,1776810737.916065
1.961896631523866,-1.7401382429451724,0.3135327992614699,-0.16947607150420113,-0.07425284496847238,1.034573948994883,212,67,159,71,865,80,311,71,3322,66,3941,73,,,3346,69,-1,1776810738.8940175
1.9335122171058154,-1.7250029057411294,0.3557552342876109,-0.16873847932632297,-0.0994731763423663,1.039493410449128,157,70,4030,71,912,80,343,70,3289,65,1907,69,,,,,-1,1776810739.9272578
1.9408925562259156,-1.7121158392696374,0.31791165172035174,-0.16946351429884526,-0.1141892981902542,1.0433549106671898,91,69,4061,70,1002,80,3256,64,1134,66,3879,70,,,4057,69,-1,1776810740.9007888
1.8981355130771167,-1.7306530783316407,0.32447226866726814,-0.17069577712984377,-0.12656143291005162,1.0447222487945258,60,70,65,70,1117,81,1289,82,1040,65,3803,70,3994,60,,,-1,1776810741.875226
1.8909435680224196,-1.7240749245201525,0.3554227034185852,-0.17149995405166538,-0.1441427524327099,1.051456435352369,113,71,120,70,3241,81,2934,69,,,3699,69,1141,61,,,-1,1776810742.8473008
1.8841940055110953,-1.7344916097209018,0.3451955377792271,-0.17461172933775526,-0.16407405533315247,1.0669178493332812,398,70,264,70,1184,78,,,3387,65,3911,70,565,67,3129,62,-1,1776810743.7206857
1.8735522754366678,-1.724147631050576,0.3761400879086345,-0.17156984368045275,-0.17522859569989233,1.0720667716212853,457,63,1680,68,3047,75,,,1246,68,3784,72,3443,63,203,71,-1,1776810744.8548255
1.878129974544505,-1.8004138899990705,0.3404434657526134,-0.1629531324137644,-0.18413818334681162,1.0950788142670764,664,58,3630,67,918,76,3319,70,1141,69,1599,71,473,63,3790,76,-1,1776810745.88367
1.8360595726462279,-1.840569907529023,0.36250656862847724,-0.13325127251813806,-0.16704640632189124,1.0717913847682994,1213,65,3601,64,798,75,1044,72,1172,68,3564,70,149,64,3727,77,-1,1776810746.9641044
1.7924578761446963,-1.8914443794343232,0.4492731705211682,-0.11552587645480944,-0.14608054445288948,1.046533161549645,3267,66,3893,63,2786,74,863,73,1166,69,1398,68,100,63,3666,75,-1,1776810748.1025822
1.762246616247272,-1.9279882949825806,0.37859201284820165,-0.09342085097092094,-0.13659710006298809,1.0453395524869724,1201,67,4054,60,2719,73,743,74,3099,69,3218,68,4026,65,3547,74,-1,1776810749.2363293
1.7332502725691632,-2.0163292910337205,0.45857864632228007,-0.0783775492808008,-0.12559693869726055,1.0423650868613399,1262,67,4066,63,686,71,2702,74,1080,69,3008,69,97,65,3450,72,-1,1776810750.369941
1.68207438619878,-2.0378219393789974,0.4251332301635568,-0.056254239419953826,-0.11062409382030228,1.0410406809311128,3351,67,3938,62,2792,69,487,74,3233,69,2960,70,74,66,3300,69,-1,1776810751.3939629
1.6629271749078267,-2.0374635794403995,0.45229922281591023,-0.031157159556694385,-0.08942399908459903,1.0138756427190199,3763,68,3749,57,784,67,296,73,3823,66,3215,71,4054,69,3227,67,-1,1776810752.4718325
1.6296069752488538,-2.092487299565029,0.5168380152197661,-0.0008489424324010426,-0.06607871747043052,1.006469395167106,3891,66,3510,60,549,64,195,72,,,3380,72,4055,70,3044,66,-1,1776810753.5511186
1.6206894673261831,-2.1123649103276283,0.4747616779954882,0.026777059676365456,-0.045799450664203156,0.9991286976624577,3503,68,3468,64,566,63,122,73,,,3513,72,4085,67,931,67,-1,1776810754.5257187
1.665940722947436,-2.1298371232722864,0.4780745680057843,0.04581459791119406,-0.03183945206828261,1.0021877512995196,,,1308,65,2393,61,75,73,,,1558,73,30,67,892,67,-1,1776810755.502973
1.6431717040204639,-2.2008488662672523,0.48979241068312984,0.06660182108762842,-0.01788877114238855,0.9979023037092042,3342,61,3268,66,573,60,60,73,1618,69,3648,73,92,65,875,70,-1,1776810756.4739537
1.6301917624471498,-2.182562665162417,0.5239034090960247,0.07945239411936555,-0.004302356993236559,0.9845598359546414,3307,66,3269,67,734,61,7,73,289,64,3665,72,102,64,878,70,-1,1776810757.5036519
1.6520779863386303,-2.1898868406574024,0.5380801720354245,0.08876116452709008,0.0058859492649806335,0.9836736975080723,1206,69,3202,67,836,61,4070,73,,,3677,72,111,66,2965,71,-1,1776810758.534691
1.623620818485732,-2.2344040056459726,0.5482622583066148,0.10122882255353854,0.015865613112799458,0.968547247424495,1099,69,3225,68,511,61,4076,74,,,1681,72,198,65,2978,70,-1,1776810759.5746212
1.5910814635491906,-2.2235589992667273,0.5245515696697409,0.10776623669426545,0.005455245663020088,0.9924741525618457,3288,68,3399,67,3989,64,12,73,2630,66,3744,72,217,67,2995,69,-1,1776810760.6027315
1.570748971968655,-2.242080505479584,0.5587014055896685,0.10033519987678684,-0.015776413215584394,0.9840847526266792,3394,74,3476,66,3799,64,36,73,513,70,3772,70,46,68,3039,69,-1,1776810761.7010534
1.5606032337264761,-2.22946008776485,0.5396568812330094,0.09929469408150933,-0.03308525658599525,1.0009933498826165,3316,75,1480,66,3533,65,37,73,502,70,3724,68,112,69,1069,69,-1,1776810762.7891414
1.5305842306335435,-2.2772000155717467,0.48918823075130835,0.09942186209462202,-0.0516604487845961,1.0153803704024718,3232,75,1549,66,1505,63,47,74,473,70,3582,67,235,67,3202,70,-1,1776810763.867702
1.4807209992875612,-2.357415804790662,0.4988199749095809,0.09807271156154737,-0.07990548991259998,1.0404059610289886,3217,73,3642,65,,,66,74,489,70,1457,67,344,66,1219,69,-1,1776810764.9523542
1.4294654715210124,-2.307552081818585,0.5434841411470002,0.09496664813580026,-0.09267567457332908,1.0243818730829184,3219,75,3736,66,,,108,74,494,71,3365,67,2710,65,3367,71,-1,1776810766.0305676
1.3897339534901283,-2.333121602310685,0.5389437592999916,0.09522576337709597,-0.10675122778854336,1.0344521610018405,1140,74,3776,64,,,159,75,641,69,3302,67,,,3453,70,-1,1776810767.1117003
1.3057311508525675,-2.3492841959790614,0.5597553057116457,0.09053216259857022,-0.12661598430046545,1.0480804035109001,3246,74,3964,64,,,227,74,2808,69,3307,70,,,3591,71,-1,1776810768.0886533
-1.6209042775070328,3.052224295632136,-0.7123945283851778,0.08687119076007509,-0.14345563159357164,1.056755792859282,3353,74,23,64,715,69,2356,74,2996,68,1350,71,,,3739,70,-1,1776810769.1135108
1.2244771576281024,-2.449129303357398,0.5293104045166314,0.08286133973251116,-0.17108943745993235,1.086475879101573,1354,73,194,67,3811,69,356,72,3015,68,1390,70,86,67,3777,71,-1,1776810770.1402001
1.154345108764064,-2.444315509448707,0.5773217439318301,0.07761282436360015,-0.18775276718338263,1.0721853661051726,1407,73,2352,67,3663,72,356,72,980,68,3429,68,4071,68,3802,70,-1,1776810771.2234647
1.1349432643187023,-2.4232986088455606,0.5954476646692702,0.07373772778267247,-0.19910525224952086,1.0711802504116394,3496,72,406,66,3462,72,339,71,3027,68,3455,68,3906,68,3856,70,-1,1776810772.3615994
1.091227523708596,-2.4147979763541363,0.6137727874504085,0.06580848809669183,-0.21188177895164254,1.0700484112278386,3496,72,2514,66,3328,72,333,71,1018,68,3462,69,3919,66,3888,70,-1,1776810773.4592533
1.091227523708596,-2.4147979763541363,0.6137727874504085,,,,3515,72,522,66,3305,69,359,70,1075,69,3445,69,3894,65,3913,70,-1,1776810774.5924757
1.091227523708596,-2.4147979763541363,0.6137727874504085,,,,1395,71,2473,65,894,67,520,70,3122,70,3459,69,,,3849,72,-1,1776810775.6734488
1.198920689895933,-2.384489203462029,0.6107915857708152,0.02289499753089059,-0.20281884577254014,1.0745644032549662,1393,71,500,65,2775,70,563,70,1058,71,3434,70,,,1821,72,-1,1776810776.8103802
1.223588079363855,-2.3514342711228933,0.6078626772693415,0.013980102313368247,-0.19463880828020175,1.064731823891418,3416,71,2519,65,701,70,562,70,3130,70,1353,69,,,3850,71,-1,1776810777.8941839
1.2411832690584124,-2.3656149872585823,0.6177733450561682,0.012782316019971023,-0.1942538846060644,1.0675948388015923,1321,70,438,65,664,70,622,72,1127,71,1338,70,3958,63,3742,72,-1,1776810778.9249492
1.3167649843565075,-2.3406098410214042,0.5695642283281925,-8.867251911821004e-07,-0.18927067546379553,1.0896390018345639,3410,69,420,65,649,70,678,72,3184,71,1261,70,3756,66,3657,72,-1,1776810780.0030847
1.3523781272419848,-2.295524212117758,0.6008413604439097,-0.01416542921518482,-0.17405036293077375,1.0538722149494186,3442,70,390,65,612,68,724,73,3174,71,3279,70,3785,68,3598,73,-1,1776810781.1397805
1.4053293677609051,-2.219166855622056,0.5729933468607369,-0.025364235882227568,-0.16649207093893895,1.0575922632077683,3445,69,349,66,564,68,753,73,1120,71,3247,69,3812,69,1499,73,-1,1776810782.274248
1.4513187016922677,-2.2073609750055687,0.5183281304618436,-0.03802307473609831,-0.15938558086407936,1.0569376339073164,3441,68,457,65,465,70,766,74,1032,70,3092,69,1688,67,3393,75,-1,1776810783.403061
1.4928234532827933,-2.177978080338936,0.5313684727443639,-0.04892582422212862,-0.1508156251812241,1.0586307687717014,3422,68,485,67,460,70,2888,75,973,71,1073,69,1692,66,3437,75,-1,1776810784.43967
1.5326731089323458,-2.1242426043490394,0.5406682184652231,-0.05888501884016079,-0.13875347223188797,1.0480214530547276,3430,69,478,67,424,71,860,73,2969,71,3143,68,3654,67,1432,75,-1,1776810785.5851731
1.5702658715010975,-2.1377198965081368,0.5174743856859604,-0.07034860134040823,-0.12903827051049205,1.0406358536133191,1356,70,524,67,431,70,2958,72,843,71,3333,67,3580,67,3563,73,-1,1776810786.6769078
1.609179745881804,-2.055676651525132,0.4980643676396815,-0.08019130147619355,-0.11801724196829745,1.025970080156611,3375,71,575,67,422,70,1056,71,842,71,3627,67,3467,67,3641,72,-1,1776810787.710376
1.646851891987852,-2.0273917410322575,0.5128299853846386,-0.09273354824483378,-0.10775747696219623,1.0219555300284493,3444,71,2795,68,370,68,3083,67,2813,71,3760,65,3453,69,3579,68,-1,1776810788.7440448
1.7076824451435684,-1.9836395593054228,0.4951859955288183,-0.10874956991266732,-0.09546528278561905,1.0179864796917677,3422,71,635,67,342,68,3170,63,744,71,24,67,1465,70,3500,66,-1,1776810789.7749705
1.7282124797110772,-1.9583795524821181,0.4486862023644349,-0.12064235296437947,-0.08448007636577305,1.0250473416588677,3402,72,800,67,2291,65,1052,67,673,71,410,62,3597,71,300,68,-1,1776810790.7996502
1.7927964967112509,-1.9313964040541605,0.4249522563737139,-0.13545355974789536,-0.07210825603410236,1.0282167578505679,3388,73,424,64,67,65,156,72,2625,70,,,3716,72,261,74,-1,1776810791.8324578
1.853315342129508,-1.8855471760545985,0.44644799630582804,-0.15707349570279408,-0.055194907166474586,1.0225965644810817,3362,73,,,3939,61,220,75,462,70,,,3784,72,267,76,-1,1776810792.8043532
1.9172179600583266,-1.8443905003746741,0.3869601038685653,-0.1764092817594748,-0.03847547134034593,1.0257413294691529,3394,74,245,65,3670,60,313,75,2493,70,,,3857,72,262,76,-1,1776810793.7856762
1.9373817410730871,-1.8098615583983269,0.4481352975139934,-0.19383980138134863,-0.027751944252920817,1.0222047519037898,3395,74,2695,67,,,313,74,2469,70,,,1848,72,270,76,-1,1776810794.813466
1.9862431122746684,-1.751741477706092,0.39996858057356593,-0.2089548222837917,-0.011310131914751548,1.0065641204707028,3387,74,391,67,3055,59,2362,74,473,70,2941,64,3939,72,323,76,-1,1776810795.7881742
2.005805058103594,-1.7200903993161891,0.294890716976424,-0.22273038280820529,-0.005045797146995379,1.0151267081576147,3476,78,,,,,,,2597,70,807,65,3914,72,380,76,-1,1776810796.8802798
2.019758658388265,-1.6908286732629791,0.3424678498940287,-0.22818009891548163,-0.01568744791284681,1.0194692840043225,3474,73,500,64,3898,62,301,74,640,70,2895,63,3891,73,445,76,-1,1776810797.7500148
2.012080405846347,-1.6972729447757529,0.32887284427479424,-0.22808658352443537,-0.029971157858555825,1.0316499626693396,3520,72,491,61,81,63,313,74,764,71,859,65,1825,73,483,76,-1,1776810798.7739093
1.9912011045428526,-1.6901077497199246,0.3374049869778252,-0.22517225991947964,-0.04218424308714208,1.0298528065078163,3562,71,332,60,246,66,297,74,2869,71,3016,63,3824,73,2523,76,-1,1776810799.8024957
1.969391462169537,-1.6680469965955564,0.32015475460528753,-0.2233248665133984,-0.05435941493224484,1.028886778954431,3586,71,2347,60,388,68,331,73,2963,71,3275,64,3813,74,435,76,-1,1776810800.8808534
1.998635287037751,-1.680302730807677,0.3195230485423123,-0.22651278228070318,-0.07163460482317296,1.0516815984396242,,,401,63,481,69,370,73,976,71,3486,65,3805,74,357,75,-1,1776810801.909915
1.958383195650873,-1.6984578092442604,0.3184688320981495,-0.2245184651896699,-0.08917034307807935,1.0549210895400287,3544,69,613,64,567,70,363,73,1041,71,3512,67,3798,74,244,74,-1,1776810802.882552
1.9469366498260725,-1.705728415027246,0.3852021276511244,-0.22422111365179778,-0.10166109024254952,1.0589294661140998,3505,68,805,65,699,71,379,73,1107,72,3540,69,3823,74,140,72,-1,1776810803.96386
1.918401380400048,-1.6923527525028093,0.36018724132306623,-0.2252888626397601,-0.1227948516771328,1.0743696135948577,3477,68,1011,66,2821,72,387,74,3185,71,1528,69,3858,74,200,71,-1,1776810805.0431452
1.9318500500639957,-1.703656124522742,0.39908447234234423,-0.22109537832883863,-0.1420143793280178,1.0782149672889203,3473,68,3211,67,819,72,363,73,1141,70,1515,70,3888,73,387,68,-1,1776810806.0713902
1.9289598912126318,-1.704864862808157,0.29955672324711263,-0.21695692396864466,-0.15332796290532905,1.0799361336709734,3405,67,3330,67,867,72,298,73,3178,70,3607,71,3944,71,721,63,-1,1776810807.1493952
1.8961571927665672,-1.7043960892789953,0.36746240619703746,-0.21125470081911218,-0.1656742097066095,1.0819906011246936,1397,67,3430,66,2906,72,494,77,3151,69,1547,72,3993,71,3596,73,-1,1776810808.17958
1.9281865825167939,-1.7043187877421517,0.37999949100855457,-0.20435053270004425,-0.17485878133517793,1.0887408827581289,1307,65,1428,64,899,72,3117,81,1103,69,1526,71,66,70,153,64,-1,1776810809.2632768
1.8508226175920384,-1.7509239798573357,0.4602171788334882,-0.1881235602154786,-0.18175442246536755,1.0699166648811274,1283,68,1155,64,3010,73,3002,61,1154,69,3448,71,237,70,3503,71,-1,1776810810.3466387
1.840673982351203,-1.7998582443819797,0.4059292859688262,-0.16642535308884018,-0.2000617706329382,1.0933566759873952,3318,66,601,62,2906,74,3176,69,1201,68,3315,70,54,71,1268,74,-1,1776810811.4369183
1.7811487451961447,-1.8744050258520935,0.40992499694833906,-0.13116510732193695,-0.21440319681024925,1.1117917019562493,1271,67,643,64,737,73,2890,72,3283,69,1205,70,4025,70,1348,72,-1,1776810812.5222032
1.6726274963056897,-1.945831549959281,0.4525771451386042,-0.09733094601649288,-0.2116046325153531,1.0776548899115612,1369,68,529,63,2673,73,673,72,3293,69,3240,71,3947,69,1382,70,-1,1776810813.7086248
1.601757263618717,-2.019064867867112,0.4637562787768737,-0.07102045357747981,-0.21200199166332104,1.0795848053998154,1420,67,534,64,2637,72,524,70,3334,68,1193,71,1834,68,3423,69,-1,1776810814.6825516
1.601009899933633,-2.0441603176627807,0.48333572040095907,-0.058629764609369764,-0.21380156582364665,1.0819117821588702,3453,68,2561,63,578,73,420,69,1220,68,3177,72,3862,69,3515,68,-1,1776810815.7614233
1.556288391513858,-2.0775622112114336,0.44664734369681386,-0.04761592326601954,-0.21360969221271464,1.0804752811541143,1368,69,558,63,631,71,318,69,1204,68,1138,72,3811,65,3513,67,-1,1776810816.895403
1.5118444277268357,-2.121262516620007,0.4388006501006773,-0.025352933001106814,-0.2121079691331724,1.0922513723709886,1347,70,585,65,2867,65,213,69,1070,68,1141,71,,,1650,66,-1,1776810818.0314095
1.43515224499679,-2.2114754822867253,0.48782963821176273,0.0019554984201179387,-0.20918035280277492,1.0923157457901134,3336,71,490,66,3235,66,2316,70,1023,68,1132,70,,,1639,67,-1,1776810819.1084373
1.3585309125675995,-2.276800202832021,0.5035358757424765,0.0290028543856705,-0.1997502000457801,1.0695090124196636,1271,72,401,67,3663,65,309,69,3007,67,1163,70,,,3688,68,-1,1776810820.1856225
1.3248925869060815,-2.3014402521645665,0.5618591864409413,0.045641033582211867,-0.19051282967001387,1.0501466703443614,1242,73,2316,68,,,339,70,2876,67,3212,70,,,3611,69,-1,1776810821.2677476
1.3383212895715613,-2.31941133041961,0.6081409465252806,0.06064090317891974,-0.1844511409893001,1.0598273352228138,3231,72,134,68,,,442,70,865,67,1194,70,,,3609,70,-1,1776810822.3014126
1.4048726359279535,-2.3134513825343457,0.596068569956403,0.05707958643291194,-0.17219174909986,1.0677894296248556,3145,72,99,67,,,492,71,2929,67,1206,71,,,3541,71,-1,1776810823.3309615
1.426600550898566,-2.290276074020569,0.5596480979166525,0.043970350415118986,-0.16204527208435426,1.0531629073269007,1076,71,114,67,3025,63,559,72,981,67,3236,71,,,3513,71,-1,1776810824.362113
1.441182102791593,-2.246388810618778,0.5941172334561561,0.03000739437177795,-0.15100825600482645,1.0391963917734341,1107,70,63,67,2968,66,2634,72,1101,67,3207,72,3842,62,1495,72,-1,1776810825.4480557
1.4870956797450645,-2.229797884791173,0.5707918299855558,0.02002098828720884,-0.1454399975540987,1.0419991294846123,3283,68,107,66,2824,66,629,73,1080,69,3125,71,3883,64,1371,72,-1,1776810826.5816374
1.5293719478034744,-2.185079844451367,0.5407153194191024,0.006525961195973411,-0.13933574921577432,1.0323148041172387,3397,68,205,66,2733,65,714,72,1083,69,1019,71,3975,64,1273,73,-1,1776810827.7167015
1.5705474958084056,-2.161295050123582,0.5557348789194685,-0.010704265594270677,-0.1319722268118319,1.0329673874808523,1430,67,2257,66,595,67,702,73,3103,70,3037,71,3816,64,1309,74,-1,1776810828.8045132
1.6438316576742062,-2.1459596236201013,0.5385752954073463,-0.02312786684785417,-0.12843411595350826,1.0481256854523004,3524,68,256,62,525,67,670,73,937,70,3028,70,1664,64,3346,74,-1,1776810829.8318584
1.6606670811707254,-2.1122967725607733,0.5132597210658776,-0.042194147743985645,-0.1188146891893081,1.0411766091998702,1415,68,454,66,504,67,773,73,2930,69,992,69,1472,64,3399,74,-1,1776810830.9135935
1.6969167216681047,-2.0255433829125895,0.5276639557988229,-0.05970033863250491,-0.10770790464136638,1.0275747721451136,3436,70,607,67,2503,69,2919,71,841,70,3279,66,3387,66,1426,74,-1,1776810831.9926534
1.7838431120622236,-1.9975153819416822,0.5090707782366685,-0.07846066679900242,-0.09757933533170567,1.025283611532221,1422,70,745,68,2473,68,1109,69,2872,70,1612,66,1343,68,3550,70,-1,1776810832.970909
1.8374267192372742,-1.9474278150321018,0.4932198065759146,-0.09512804192055442,-0.08926093123377789,1.0401620719641864,3462,72,691,65,402,65,2968,63,2840,70,145,63,3538,70,3209,67,-1,1776810834.0012746
1.8615869725880752,-1.9001551557750442,0.515641109471189,-0.11631201199723559,-0.07097072885220669,1.0178126832486694,1411,74,,,2344,64,595,62,2805,70,,,1565,71,2441,69,-1,1776810834.9742556
1.8952335861064051,-1.8416612544691928,0.5409974519710289,-0.1371883801903887,-0.054865319579497536,1.0073852494591722,3433,72,,,196,61,130,72,705,69,,,3705,71,337,74,-1,1776810835.8468695
1.9663696479552553,-1.8091336242434106,0.4876662700565016,-0.15892099364249554,-0.042595542773382455,1.013056706805245,3381,74,3983,64,,,210,75,2660,68,,,3782,72,321,75,-1,1776810836.7720313
2.028742654752789,-1.7339817716703343,0.43303076319173833,-0.1730490993341965,-0.02784868505548315,1.0074866003889982,3328,74,,,,,251,76,575,68,,,3857,71,316,75,-1,1776810837.758586
2.0754650986458034,-1.739117249481616,0.4752629883473972,-0.1868451788469034,-0.015033960379281414,1.0046291731409354,3313,73,569,65,,,277,75,2678,69,,,3865,72,369,76,-1,1776810838.6403265
2.1253414221394613,-1.6730671997239561,0.41458745826986515,-0.2023223226220709,-0.008440470119277302,1.006559980117168,3467,73,574,62,,,2343,75,2819,70,,,3888,72,484,76,-1,1776810839.615412
2.1303080655647246,-1.6522685613342072,0.3660291159151824,-0.21543407615272203,-0.022973288450537088,1.032794494381191,1555,71,,,312,66,207,74,3165,70,657,62,3879,72,523,76,-1,1776810840.5359237
2.0690898516914444,-1.6274543060978766,0.4295983313534493,-0.21599374257131007,-0.04834259203263173,1.0371452020213772,3670,67,1606,65,474,72,102,73,1392,70,2901,61,3846,72,486,76,-1,1776810841.5179164
2.0737397376766094,-1.5837104503846902,0.4239711663112184,-0.21484361817220873,-0.07662431273843258,1.050911650936746,,,3770,68,583,75,122,73,3537,70,3378,63,4028,67,551,75,-1,1776810842.600266
2.062581199946159,-1.5806979819021563,0.34644965375462994,-0.21584528688220872,-0.10474720436486624,1.0609421213749197,3508,58,3802,67,2807,76,213,75,1483,69,3599,67,465,60,2909,72,-1,1776810843.6922133
2.061545395250075,-1.5378463404612688,0.314662316343411,-0.20934414611212784,-0.1378271588333617,1.067854309723663,3721,60,3790,67,804,76,238,75,1367,68,3681,68,3022,63,3184,66,-1,1776810844.7779315
2.035956613850763,-1.5173030731878607,0.29144376039507236,-0.20134307869793291,-0.16079381563902526,1.0825772529188036,3890,57,3750,66,2896,76,25,69,3384,69,3620,69,3315,67,,,-1,1776810845.916608
2.010110746484601,-1.5257216693110587,0.29159411641624,-0.18633458564053154,-0.17563820932901741,1.0709062876752784,3942,63,3711,67,2938,76,2819,64,3366,68,3535,69,3386,68,462,60,-1,1776810847.0498354
1.9860886796188324,-1.5796395883217864,0.3543860216355776,-0.1756897392774312,-0.1923202362628996,1.0956605813834732,1917,58,3755,68,926,77,840,63,1269,67,3530,70,3438,68,3777,70,-1,1776810848.1841323
1.9527677217179074,-1.6303578738230038,0.3657894742932442,-0.15451029001382416,-0.19955673532122362,1.0844444501222388,3975,60,3786,68,3002,77,3109,69,3326,66,3469,70,1346,68,3643,76,-1,1776810849.3740597
1.8729602568233066,-1.7022945997534413,0.43614175908872765,-0.12627450944396562,-0.2012281474084193,1.0697682840643163,2159,59,3813,68,906,78,2880,74,3376,66,3435,70,3207,65,3615,76,-1,1776810850.5099852
1.849901354294996,-1.7976723966603372,0.40499740395877076,-0.10172706829848809,-0.20360388871196625,1.0933832145032771,2611,61,3799,67,817,77,615,73,3536,67,3340,71,3112,61,3607,72,-1,1776810851.6471467
1.7888394357949875,-1.8588597403761833,0.4481648537256476,-0.0763174898849001,-0.1977440444758328,1.0733144926769909,839,60,3690,63,812,77,429,73,3567,66,3322,71,,,3626,69,-1,1776810852.8850536
1.6976204948534144,-1.9827187238617374,0.4249933653147115,-0.042183145678195734,-0.20201797554110248,1.0915051464294445,904,65,1508,62,3116,74,286,74,3478,66,1299,72,,,1553,66,-1,1776810854.018112
1.5772823544258023,-2.0855745439820708,0.4910972024709166,0.002570958729522808,-0.20322205423081263,1.085091192705159,3206,69,1126,65,1240,68,2326,76,3535,69,2910,70,293,68,,,-1,1776810855.147112
1.4771305842983196,-2.1763877415660793,0.5020423512198973,0.03260628964959771,-0.19917061781501644,1.0647360051520942,3480,68,1240,64,3722,71,503,75,948,65,1166,71,528,69,1471,66,-1,1776810856.2816563
1.3586381869378992,-2.2873813478517317,0.5240463663958409,0.06301324690171596,-0.20056726902341898,1.0643490482483755,3204,68,154,64,3862,71,333,72,1044,63,952,71,2689,65,1017,67,-1,1776810857.412135
1.3552155144981273,-2.343896635506155,0.504220447416051,0.0739431394154717,-0.19492609862580615,1.0782644498580394,1012,69,222,67,,,360,71,2896,63,3109,71,,,3236,67,-1,1776810858.544373
1.391774337833874,-2.2892374941365343,0.5079557980272695,0.061080847664224835,-0.16946057163664324,1.056558714499142,860,68,88,68,849,67,556,70,117,67,2966,73,,,948,70,-1,1776810859.5742822
1.4732817543050183,-2.168833498390022,0.4525470949300797,0.033320927814448044,-0.1417595772827818,1.0304340582301066,,,29,68,2722,71,646,71,3349,66,2842,73,,,2849,71,-1,1776810860.7082493
1.5699029423092616,-2.073590130319294,0.45273883212696536,0.0009883036428097354,-0.11676743664452643,1.0217938219776121,3547,63,105,67,618,71,771,72,3045,66,654,72,,,789,73,-1,1776810861.745425
1.671246523232948,-1.9965930471488844,0.4827874628125646,-0.027107657934632323,-0.09817727893941278,1.0192920484472239,1396,64,266,67,625,71,877,72,838,68,2690,71,,,799,73,-1,1776810862.8388855
1.7641181969344637,-1.9889326929628384,0.3917193388365391,-0.04850966190918466,-0.08885981963170006,1.035700870755678,1352,66,502,68,642,70,890,72,2856,69,701,70,451,61,2919,73,-1,1776810863.8769011
1.800243965584246,-1.8881455573770027,0.42240638417813764,-0.06691112920021045,-0.07863630269190403,1.0246694049574858,3363,68,2817,70,2738,69,1214,68,904,69,3229,63,3169,64,1135,63,-1,1776810864.9627109
-2.574841295181683,2.4965398402771055,-0.5092157514560219,-0.09609544489687566,-0.06523314052469274,1.0319421120192087,3379,70,2799,63,617,68,1171,63,1003,68,,,3519,66,765,67,-1,1776810866.0407448
1.960925595626702,-1.7417597854088809,0.38347779999552184,-0.13887599622975014,-0.04962067626120848,1.0083058955219548,3330,72,,,703,67,144,65,888,67,,,3654,67,317,71,-1,1776810867.1260457
2.0302986117501183,-1.6869012074902419,0.322486238480037,-0.16615889360931108,-0.03634814120703196,1.0136124553707317,1237,72,434,63,2777,65,271,74,757,66,,,3810,68,375,76,-1,1776810867.9460404
2.051095127613686,-1.6705153165142466,0.33681629727336543,-0.18195155954655015,-0.024961271411953215,1.0130190494407378,3231,72,,,897,64,332,74,2710,65,,,3796,69,315,75,-1,1776810868.9287484
2.10768160454233,-1.6425290417698375,0.3372723393938809,-0.19535820653574507,-0.011923329968464041,1.0199547649856688,1139,72,572,63,3137,64,370,74,2745,65,,,3692,67,306,72,-1,1776810869.7973008
2.1169710207378705,-1.6489527340827976,0.3812168718645743,-0.18960076289934535,-0.00035487011819064463,1.004484659169955,3096,72,,,3240,66,361,70,667,65,,,3606,67,233,69,-1,1776810870.720661
2.042323723495393,-1.7280533398579643,0.4135707018716991,-0.1623148226242619,0.007508329574681344,0.9879862145537792,3002,71,3669,64,1234,67,918,61,2570,64,,,3547,67,330,66,-1,1776810871.5920517
2.0415115976057647,-1.7539906364084654,0.30310321645199456,-0.14321356162963958,0.016819087504321942,0.9979860311150925,2987,71,1297,68,1271,67,,,655,64,2330,67,1353,64,114,68,-1,1776810872.572575
1.9606802248081399,-1.8237378183561532,0.4632744383656631,-0.11329374735451744,0.020082196704914474,0.9810005360394385,989,71,3068,65,3131,64,,,2692,66,380,70,1315,62,2210,69,-1,1776810873.5568142
1.923024711245042,-1.8447542591279866,0.44244830747384883,-0.08662041197655664,0.021123714160155804,0.9682693721736093,3175,71,549,66,834,65,664,67,2552,65,134,71,4047,64,3945,68,-1,1776810874.496804
1.8878718790391438,-1.9005531647485607,0.4223046162802934,-0.06608019195237251,0.021310441927130407,0.9795968046162218,1057,72,1591,60,3048,61,354,71,402,67,7,71,4031,65,3817,69,-1,1776810875.4689908
